Variable,(1) Principal,(2) Sin BCI,(3) Y promedio
Financiera (vs banco),1.212***,1.188***,0.962***
,(0.296),(0.299),(0.250)
Caja municipal (vs banco),0.682**,0.681**,0.491
,(0.335),(0.335),(0.300)
Morosidad,-0.112**,-0.110*,0.003
,(0.056),(0.057),(0.041)
Ratio de capital global,0.009,0.017,0.027
,(0.022),(0.035),(0.023)
Tasa de referencia BCRP,0.886***,0.884***,0.975***
,(0.071),(0.072),(0.049)
Constante,0.400,0.288,-0.755
,(0.709),(0.867),(0.579)
Observaciones,1106,1082,1106
R²,0.575,0.570,0.713
