periodo,tipo_entidad,entidad_indicadores,ratio_capital_global,morosidad,capital_al,fecha_reporte
2023-01,B,B. BBVA Perú,13.96,4.54,31/12/2022,2023-01
2023-01,B,B. De Comercio,12.37,4.02,31/12/2022,2023-01
2023-01,B,B. De Crédito del Perú (con sucursales en el exterior),14.43,4.02,31/12/2022,2023-01
2023-01,B,B. Pichincha,11.28,5.81,31/12/2022,2023-01
2023-01,B,B. Interamericano de Finanzas,14.02,3.59,31/12/2022,2023-01
2023-01,B,Scotiabank Perú,13.97,4.04,31/12/2022,2023-01
2023-01,B,Citibank,20.23,0.0,31/12/2022,2023-01
2023-01,B,Interbank,15.08,3.21,31/12/2022,2023-01
2023-01,B,Mibanco,14.69,4.97,31/12/2022,2023-01
2023-01,B,HSBC Bank Perú,15.95,3.71,31/12/2022,2023-01
2023-01,B,B. Falabella Perú,15.33,4.59,31/12/2022,2023-01
2023-01,B,B. Santander Perú,16.29,1.89,31/12/2022,2023-01
2023-01,B,B. Ripley,13.53,2.99,31/12/2022,2023-01
2023-01,B,Alfin Banco,9.66,4.03,31/12/2022,2023-01
2023-01,B,B. ICBC,30.47,0.0,31/12/2022,2023-01
2023-01,B,B. China Perú,56.42,0.0,31/12/2022,2023-01
2023-01,B,B. BCI Perú,28.86,0.0,31/12/2022,2023-01
2023-02,B,B. BBVA Perú,16.3,4.55,31/01/2023,2023-02
2023-02,B,B. De Comercio,12.33,3.94,31/01/2023,2023-02
2023-02,B,B. De Crédito del Perú (con sucursales en el exterior),17.54,4.05,31/01/2023,2023-02
2023-02,B,B. Pichincha,11.38,5.97,31/01/2023,2023-02
2023-02,B,B. Interamericano de Finanzas,14.32,3.64,31/01/2023,2023-02
2023-02,B,Scotiabank Perú,14.88,4.09,31/01/2023,2023-02
2023-02,B,Citibank,22.13,0.0,31/01/2023,2023-02
2023-02,B,Interbank,15.97,3.16,31/01/2023,2023-02
2023-02,B,Mibanco,18.93,4.52,31/01/2023,2023-02
2023-02,B,HSBC Bank Perú,16.82,3.91,31/01/2023,2023-02
2023-02,B,B. Falabella Perú,18.57,4.64,31/01/2023,2023-02
2023-02,B,B. Santander Perú,16.72,1.61,31/01/2023,2023-02
2023-02,B,B. Ripley,16.43,3.08,31/01/2023,2023-02
2023-02,B,Alfin Banco,10.62,3.38,31/01/2023,2023-02
2023-02,B,B. ICBC,30.85,0.0,31/01/2023,2023-02
2023-02,B,B. China Perú,57.99,0.0,31/01/2023,2023-02
2023-02,B,B. BCI Perú,58.83,0.0,31/01/2023,2023-02
2023-03,B,B. BBVA Perú,16.3,4.38,31/01/2023,2023-03
2023-03,B,B. De Comercio,12.33,4.0,31/01/2023,2023-03
2023-03,B,B. De Crédito del Perú (con sucursales en el exterior),17.54,3.99,31/01/2023,2023-03
2023-03,B,B. Pichincha,11.38,5.86,31/01/2023,2023-03
2023-03,B,B. Interamericano de Finanzas,14.32,3.57,31/01/2023,2023-03
2023-03,B,Scotiabank Perú,14.88,4.08,31/01/2023,2023-03
2023-03,B,Citibank,22.13,0.0,31/01/2023,2023-03
2023-03,B,Interbank,15.97,3.05,31/01/2023,2023-03
2023-03,B,Mibanco,18.93,5.03,31/01/2023,2023-03
2023-03,B,HSBC Bank Perú,16.82,4.04,31/01/2023,2023-03
2023-03,B,B. Falabella Perú,18.57,4.97,31/01/2023,2023-03
2023-03,B,B. Santander Perú,16.72,1.5,31/01/2023,2023-03
2023-03,B,B. Ripley,16.43,3.12,31/01/2023,2023-03
2023-03,B,Alfin Banco,10.62,2.58,31/01/2023,2023-03
2023-03,B,B. ICBC,30.85,0.0,31/01/2023,2023-03
2023-03,B,B. China Perú,57.99,0.0,31/01/2023,2023-03
2023-03,B,B. BCI Perú,58.83,0.0,31/01/2023,2023-03
2023-04,B,B. BBVA Perú,16.490000000000002,4.38,28/02/2023,2023-04
2023-04,B,B. De Comercio,12.22,4.29,28/02/2023,2023-04
2023-04,B,B. De Crédito del Perú (con sucursales en el exterior),17.84,4.02,28/02/2023,2023-04
2023-04,B,B. Pichincha,11.73,6.12,28/02/2023,2023-04
2023-04,B,B. Interamericano de Finanzas,14.44,3.7,28/02/2023,2023-04
2023-04,B,Scotiabank Perú,14.72,4.14,28/02/2023,2023-04
2023-04,B,Citibank,23.47,0.0,28/02/2023,2023-04
2023-04,B,Interbank,16.11,3.01,28/02/2023,2023-04
2023-04,B,Mibanco,18.830000000000002,5.51,28/02/2023,2023-04
2023-04,B,HSBC Bank Perú,17.22,4.27,28/02/2023,2023-04
2023-04,B,B. Falabella Perú,18.92,5.29,28/02/2023,2023-04
2023-04,B,B. Santander Perú,17.04,1.55,28/02/2023,2023-04
2023-04,B,B. Ripley,16.44,3.47,28/02/2023,2023-04
2023-04,B,Alfin Banco,10.35,2.37,28/02/2023,2023-04
2023-04,B,B. ICBC,31.96,0.0,28/02/2023,2023-04
2023-04,B,B. China Perú,63.6,0.0,28/02/2023,2023-04
2023-04,B,B. BCI Perú,68.36,0.0,28/02/2023,2023-04
2023-05,B,B. BBVA Perú,15.36,4.55,30/04/2023,2023-05
2023-05,B,B. De Comercio,12.33,4.42,30/04/2023,2023-05
2023-05,B,B. De Crédito del Perú (con sucursales en el exterior),16.46,4.1,30/04/2023,2023-05
2023-05,B,B. Pichincha,12.25,6.13,30/04/2023,2023-05
2023-05,B,B. Interamericano de Finanzas,14.24,3.83,30/04/2023,2023-05
2023-05,B,Scotiabank Perú,14.15,3.72,30/04/2023,2023-05
2023-05,B,Citibank,25.04,0.0,30/04/2023,2023-05
2023-05,B,Interbank,15.120000000000001,3.02,30/04/2023,2023-05
2023-05,B,Mibanco,18.69,6.1000000000000005,30/04/2023,2023-05
2023-05,B,HSBC Bank Perú,17.71,4.0200000000000005,30/04/2023,2023-05
2023-05,B,B. Falabella Perú,18.22,6.08,30/04/2023,2023-05
2023-05,B,B. Santander Perú,16.0,1.49,30/04/2023,2023-05
2023-05,B,B. Ripley,18.1,4.19,30/04/2023,2023-05
2023-05,B,Alfin Banco,9.8,3.14,30/04/2023,2023-05
2023-05,B,B. ICBC,34.84,0.0,30/04/2023,2023-05
2023-05,B,B. China Perú,55.22,0.0,30/04/2023,2023-05
2023-05,B,B. BCI Perú,117.19,0.0,30/04/2023,2023-05
2023-06,B,B. BBVA Perú,15.53,4.61,31/05/2023,2023-06
2023-06,B,B. De Comercio,12.26,4.42,31/05/2023,2023-06
2023-06,B,B. De Crédito del Perú (con sucursales en el exterior),16.83,4.11,31/05/2023,2023-06
2023-06,B,B. Pichincha,12.32,5.94,31/05/2023,2023-06
2023-06,B,B. Interamericano de Finanzas,14.27,3.83,31/05/2023,2023-06
2023-06,B,Scotiabank Perú,14.41,3.75,31/05/2023,2023-06
2023-06,B,Citibank,27.11,0.0,31/05/2023,2023-06
2023-06,B,Interbank,15.2,2.95,31/05/2023,2023-06
2023-06,B,Mibanco,18.72,6.3100000000000005,31/05/2023,2023-06
2023-06,B,HSBC Bank Perú,17.73,3.99,31/05/2023,2023-06
2023-06,B,B. Falabella Perú,18.38,6.44,31/05/2023,2023-06
2023-06,B,B. Santander Perú,15.86,1.44,31/05/2023,2023-06
2023-06,B,B. Ripley,18.12,4.48,31/05/2023,2023-06
2023-06,B,Alfin Banco,9.81,4.26,31/05/2023,2023-06
2023-06,B,B. ICBC,35.22,0.0,31/05/2023,2023-06
2023-06,B,B. China Perú,53.25,0.0,31/05/2023,2023-06
2023-06,B,B. BCI Perú,95.02,0.0,31/05/2023,2023-06
2023-07,B,B. BBVA Perú,15.660210604964462,4.71,30/06/2023,2023-07
2023-07,B,B. De Comercio,12.249240168148381,4.8,30/06/2023,2023-07
2023-07,B,B. De Crédito del Perú (con sucursales en el exterior),17.201854577630268,4.33,30/06/2023,2023-07
2023-07,B,B. Pichincha,12.755281082085684,6.28,30/06/2023,2023-07
2023-07,B,B. Interamericano de Finanzas,14.102299714642639,3.93,30/06/2023,2023-07
2023-07,B,Scotiabank Perú,14.355271514349512,3.96,30/06/2023,2023-07
2023-07,B,Citibank,29.877521506783562,0.0,30/06/2023,2023-07
2023-07,B,Interbank,15.214347028569405,3.14,30/06/2023,2023-07
2023-07,B,Mibanco,18.787272855814756,6.37,30/06/2023,2023-07
2023-07,B,HSBC Bank Perú,17.856601928551132,3.93,30/06/2023,2023-07
2023-07,B,B. Falabella Perú,18.025396876970113,6.69,30/06/2023,2023-07
2023-07,B,B. Santander Perú,15.703305710998409,1.55,30/06/2023,2023-07
2023-07,B,B. Ripley,17.48485834308982,4.56,30/06/2023,2023-07
2023-07,B,Alfin Banco,9.717164711338238,4.73,30/06/2023,2023-07
2023-07,B,B. ICBC,37.36468725186986,0.0,30/06/2023,2023-07
2023-07,B,B. China Perú,53.04118644661288,0.0,30/06/2023,2023-07
2023-07,B,B. BCI Perú,93.43642108438188,0.0,30/06/2023,2023-07
2023-08,B,B. BBVA Perú,15.78615320713066,4.73,31/07/2023,2023-08
2023-08,B,BANCOM,12.254406721665807,4.74,31/07/2023,2023-08
2023-08,B,B. De Crédito del Perú (con sucursales en el exterior),17.374581866029935,4.46,31/07/2023,2023-08
2023-08,B,B. Pichincha,12.857407359171155,6.49,31/07/2023,2023-08
2023-08,B,B. Interamericano de Finanzas,14.632666741377761,3.56,31/07/2023,2023-08
2023-08,B,Scotiabank Perú,14.498072961873792,3.99,31/07/2023,2023-08
2023-08,B,Citibank***,30.87697692143711,0.17,31/07/2023,2023-08
2023-08,B,Interbank,15.211745096957067,3.31,31/07/2023,2023-08
2023-08,B,Mibanco,19.145372626671794,6.51,31/07/2023,2023-08
2023-08,B,HSBC Bank Perú,17.910456262984955,3.62,31/07/2023,2023-08
2023-08,B,B. Falabella Perú,18.15768902304545,6.58,31/07/2023,2023-08
2023-08,B,B. Santander Perú,16.114832772711445,1.28,31/07/2023,2023-08
2023-08,B,B. Ripley,17.500952097754556,4.41,31/07/2023,2023-08
2023-08,B,Alfin Banco,9.206601061032796,6.87,31/07/2023,2023-08
2023-08,B,B. ICBC,36.96199930043794,0.0,31/07/2023,2023-08
2023-08,B,B. China Perú,55.63468307588637,0.0,31/07/2023,2023-08
2023-08,B,B. BCI Perú,66.81985221242657,0.0,31/07/2023,2023-08
2023-09,B,B. BBVA Perú,15.78615320713066,4.67,31/07/2023,2023-09
2023-09,B,BANCOM,12.254406721665807,4.94,31/07/2023,2023-09
2023-09,B,B. De Crédito del Perú (con sucursales en el exterior),17.374581866029935,4.41,31/07/2023,2023-09
2023-09,B,B. Pichincha,12.857407359171155,6.43,31/07/2023,2023-09
2023-09,B,B. Interamericano de Finanzas,14.632666741377761,3.64,31/07/2023,2023-09
2023-09,B,Scotiabank Perú,14.498072961873792,4.14,31/07/2023,2023-09
2023-09,B,Citibank***,30.87697692143711,0.16,31/07/2023,2023-09
2023-09,B,Interbank,15.211745096957067,3.34,31/07/2023,2023-09
2023-09,B,Mibanco,19.145372626671794,6.29,31/07/2023,2023-09
2023-09,B,HSBC Bank Perú,17.910456262984955,3.59,31/07/2023,2023-09
2023-09,B,B. Falabella Perú,18.15768902304545,6.65,31/07/2023,2023-09
2023-09,B,B. Santander Perú,16.114832772711445,1.3,31/07/2023,2023-09
2023-09,B,B. Ripley,17.500952097754556,4.59,31/07/2023,2023-09
2023-09,B,Alfin Banco,9.206601061032796,6.11,31/07/2023,2023-09
2023-09,B,B. ICBC,36.96199930043794,0.0,31/07/2023,2023-09
2023-09,B,B. China Perú,55.63468307588637,0.0,31/07/2023,2023-09
2023-09,B,B. BCI Perú,66.81985221242657,0.0,31/07/2023,2023-09
2023-10,B,B. BBVA Perú,15.78615320713066,4.7700000000000005,31/07/2023,2023-10
2023-10,B,BANCOM,12.254406721665807,4.89,31/07/2023,2023-10
2023-10,B,B. De Crédito del Perú (con sucursales en el exterior),17.374581866029935,4.5,31/07/2023,2023-10
2023-10,B,B. Pichincha,12.857407359171155,6.66,31/07/2023,2023-10
2023-10,B,B. Interamericano de Finanzas,14.632666741377761,3.67,31/07/2023,2023-10
2023-10,B,Scotiabank Perú,14.498072961873792,4.25,31/07/2023,2023-10
2023-10,B,Citibank***,30.87697692143711,0.0,31/07/2023,2023-10
2023-10,B,Interbank,15.211745096957067,3.5100000000000002,31/07/2023,2023-10
2023-10,B,Mibanco,19.145372626671794,6.43,31/07/2023,2023-10
2023-10,B,HSBC Bank Perú,17.910456262984955,3.36,31/07/2023,2023-10
2023-10,B,B. Falabella Perú,18.15768902304545,6.69,31/07/2023,2023-10
2023-10,B,B. Santander Perú,16.114832772711445,1.29,31/07/2023,2023-10
2023-10,B,B. Ripley,17.500952097754556,4.75,31/07/2023,2023-10
2023-10,B,Alfin Banco,9.206601061032796,2.23,31/07/2023,2023-10
2023-10,B,B. ICBC,36.96199930043794,0.0,31/07/2023,2023-10
2023-10,B,B. China Perú,55.63468307588637,0.0,31/07/2023,2023-10
2023-10,B,B. BCI Perú,66.81985221242657,2.22,31/07/2023,2023-10
2023-11,B,B. BBVA Perú,15.56253758649431,4.84,31/10/2023,2023-11
2023-11,B,BANCOM,12.461905697220656,5.38,31/10/2023,2023-11
2023-11,B,B. De Crédito del Perú (con sucursales en el exterior),17.168714420761717,4.38,31/10/2023,2023-11
2023-11,B,B. Pichincha,12.724153262653171,6.45,31/10/2023,2023-11
2023-11,B,B. Interamericano de Finanzas,14.174644425533616,3.5700000000000003,31/10/2023,2023-11
2023-11,B,Scotiabank Perú,14.923559156920637,4.3500000000000005,31/10/2023,2023-11
2023-11,B,Citibank,24.398658786271962,0.0,31/10/2023,2023-11
2023-11,B,Interbank,15.154135764059017,3.5700000000000003,31/10/2023,2023-11
2023-11,B,Mibanco,19.915093632401053,6.4,31/10/2023,2023-11
2023-11,B,HSBC Bank Perú,16.210627872191246,3.24,31/10/2023,2023-11
2023-11,B,B. Falabella Perú,18.491451155382205,6.92,31/10/2023,2023-11
2023-11,B,B. Santander Perú,15.9456131301867,1.3,31/10/2023,2023-11
2023-11,B,B. Ripley,16.999016866263,5.07,31/10/2023,2023-11
2023-11,B,Alfin Banco,10.983951143911938,3.73,31/10/2023,2023-11
2023-11,B,B. ICBC,38.08754390544867,0.0,31/10/2023,2023-11
2023-11,B,B. China Perú,57.51820337549491,0.0,31/10/2023,2023-11
2023-11,B,B. BCI Perú,30.039044878230182,2.2,31/10/2023,2023-11
2023-12,B,B. BBVA Perú,15.584538476895737,4.71,30/11/2023,2023-12
2023-12,B,BANCOM,12.487389770711053,4.08,30/11/2023,2023-12
2023-12,B,B. De Crédito del Perú (con sucursales en el exterior),17.537329347810772,4.21,30/11/2023,2023-12
2023-12,B,B. Pichincha,12.52913336800403,6.55,30/11/2023,2023-12
2023-12,B,B. Interamericano de Finanzas,14.522858823862638,3.5100000000000002,30/11/2023,2023-12
2023-12,B,Scotiabank Perú,14.997215706866676,4.5200000000000005,30/11/2023,2023-12
2023-12,B,Citibank,24.61481177858533,0.0,30/11/2023,2023-12
2023-12,B,Interbank,15.270703619851597,3.54,30/11/2023,2023-12
2023-12,B,Mibanco,20.17495745757942,6.3500000000000005,30/11/2023,2023-12
2023-12,B,HSBC Bank Perú,15.314387621247526,3.42,30/11/2023,2023-12
2023-12,B,B. Falabella Perú,18.569414110589026,7.03,30/11/2023,2023-12
2023-12,B,B. Santander Perú,17.081087286643765,1.48,30/11/2023,2023-12
2023-12,B,B. Ripley,16.361634604617763,5.76,30/11/2023,2023-12
2023-12,B,Alfin Banco,10.927363868630593,3.14,30/11/2023,2023-12
2023-12,B,B. ICBC,39.239644130098625,0.0,30/11/2023,2023-12
2023-12,B,B. China Perú,56.66214590456606,0.0,30/11/2023,2023-12
2023-12,B,B. BCI Perú,47.869576585571124,1.84,30/11/2023,2023-12
2024-01,B,B. BBVA Perú,15.587582546550346,4.89,31/12/2023,2024-01
2024-01,B,BANCOM,12.98970220491596,4.4,31/12/2023,2024-01
2024-01,B,B. De Crédito del Perú (con sucursales en el exterior),17.457663793169704,4.34,31/12/2023,2024-01
2024-01,B,B. Pichincha,12.464886032231702,6.63,31/12/2023,2024-01
2024-01,B,B. Interamericano de Finanzas,14.655883922865979,3.67,31/12/2023,2024-01
2024-01,B,Scotiabank Perú,14.947521729540439,4.54,31/12/2023,2024-01
2024-01,B,Citibank,27.46068905275822,0.0,31/12/2023,2024-01
2024-01,B,Interbank,15.452405021826717,3.71,31/12/2023,2024-01
2024-01,B,Mibanco,20.606360502646304,6.3100000000000005,31/12/2023,2024-01
2024-01,B,HSBC Bank Perú,15.419892898331042,3.31,31/12/2023,2024-01
2024-01,B,B. Falabella Perú,18.38111500047688,6.54,31/12/2023,2024-01
2024-01,B,B. Santander Perú,17.43642543091274,1.3900000000000001,31/12/2023,2024-01
2024-01,B,B. Ripley,15.324519504524842,6.03,31/12/2023,2024-01
2024-01,B,Alfin Banco,12.553470665863117,3.3200000000000003,31/12/2023,2024-01
2024-01,B,B. ICBC,39.81580410179603,0.0,31/12/2023,2024-01
2024-01,B,B. China Perú,51.66273364816566,0.0,31/12/2023,2024-01
2024-01,B,B. BCI Perú,40.23270634482503,1.93,31/12/2023,2024-01
2024-02,B,B. BBVA Perú,15.587582546550346,4.93,31/12/2023,2024-02
2024-02,B,BANCOM,12.98970220491596,4.64,31/12/2023,2024-02
2024-02,B,B. De Crédito del Perú (con sucursales en el exterior),17.457663793169704,4.23,31/12/2023,2024-02
2024-02,B,B. Pichincha,12.464886032231702,6.75,31/12/2023,2024-02
2024-02,B,B. Interamericano de Finanzas,14.655883922865979,3.96,31/12/2023,2024-02
2024-02,B,Scotiabank Perú,14.947521729540439,4.64,31/12/2023,2024-02
2024-02,B,Citibank,27.46068905275822,0.0,31/12/2023,2024-02
2024-02,B,Interbank,15.452405021826717,3.68,31/12/2023,2024-02
2024-02,B,Mibanco,20.606360502646304,6.43,31/12/2023,2024-02
2024-02,B,HSBC Bank Perú,15.419892898331042,3.41,31/12/2023,2024-02
2024-02,B,B. Falabella Perú,18.38111500047688,6.26,31/12/2023,2024-02
2024-02,B,B. Santander Perú,17.43642543091274,1.42,31/12/2023,2024-02
2024-02,B,B. Ripley,15.324519504524842,5.64,31/12/2023,2024-02
2024-02,B,Alfin Banco,12.553470665863117,4.16,31/12/2023,2024-02
2024-02,B,B. ICBC,39.81580410179603,0.23,31/12/2023,2024-02
2024-02,B,B. China Perú,51.66273364816566,0.0,31/12/2023,2024-02
2024-02,B,B. BCI Perú,40.23270634482503,1.96,31/12/2023,2024-02
2024-03,B,B. BBVA Perú,16.04185245621433,4.65,29/02/2024,2024-03
2024-03,B,BANCOM,13.228238068937753,4.17,29/02/2024,2024-03
2024-03,B,B. De Crédito del Perú (con sucursales en el exterior),18.278196354355785,4.37,29/02/2024,2024-03
2024-03,B,B. Pichincha,12.07315391674294,7.15,29/02/2024,2024-03
2024-03,B,B. Interamericano de Finanzas,14.489824963191907,4.02,29/02/2024,2024-03
2024-03,B,Scotiabank Perú,15.416412868885383,4.82,29/02/2024,2024-03
2024-03,B,Citibank,25.645113950208696,0.0,29/02/2024,2024-03
2024-03,B,Interbank,16.410724264233348,3.69,29/02/2024,2024-03
2024-03,B,Mibanco,21.167808145031664,6.73,29/02/2024,2024-03
2024-03,B,HSBC Bank Perú,15.143625291238347,3.34,29/02/2024,2024-03
2024-03,B,B. Falabella Perú,18.8756529918444,5.98,29/02/2024,2024-03
2024-03,B,B. Santander Perú,18.038441053118248,1.54,29/02/2024,2024-03
2024-03,B,B. Ripley,15.553774227851648,5.54,29/02/2024,2024-03
2024-03,B,Alfin Banco,13.486734838928555,4.66,29/02/2024,2024-03
2024-03,B,B. ICBC,39.76749836635612,1.9,29/02/2024,2024-03
2024-03,B,B. China Perú,55.29978878897634,0.0,29/02/2024,2024-03
2024-03,B,B. BCI Perú,36.40721912849866,1.75,29/02/2024,2024-03
2024-04,B,B. BBVA Perú,15.147961960282375,4.73,31/03/2024,2024-04
2024-04,B,BANCOM,13.325166056477434,4.04,31/03/2024,2024-04
2024-04,B,B. De Crédito del Perú (con sucursales en el exterior),16.1214494123385,4.15,31/03/2024,2024-04
2024-04,B,B. Pichincha,11.824889541654256,7.390000000000001,31/03/2024,2024-04
2024-04,B,B. Interamericano de Finanzas,14.198154059322283,4.23,31/03/2024,2024-04
2024-04,B,Scotiabank Perú,14.59346567272056,4.76,31/03/2024,2024-04
2024-04,B,Citibank,25.908956056191894,0.0,31/03/2024,2024-04
2024-04,B,Interbank,15.1142395742291,3.68,31/03/2024,2024-04
2024-04,B,Mibanco,18.033367342212657,6.7,31/03/2024,2024-04
2024-04,B,HSBC Bank Perú,14.712435825713694,3.29,31/03/2024,2024-04
2024-04,B,B. Falabella Perú,17.970410337295487,6.18,31/03/2024,2024-04
2024-04,B,B. Santander Perú,16.81076610811943,3.94,31/03/2024,2024-04
2024-04,B,B. Ripley,15.151474210166674,5.74,31/03/2024,2024-04
2024-04,B,Alfin Banco,13.044657904170718,5.29,31/03/2024,2024-04
2024-04,B,B. ICBC,41.48816455715472,1.72,31/03/2024,2024-04
2024-04,B,B. China Perú,53.173422717245735,0.0,31/03/2024,2024-04
2024-04,B,B. BCI Perú,38.86890955264164,2.31,31/03/2024,2024-04
2024-05,B,B. BBVA Perú,15.57,4.83,30/04/2024,2024-05
2024-05,B,BANCOM,13.530000000000001,4.64,30/04/2024,2024-05
2024-05,B,B. De Crédito del Perú (con sucursales en el exterior),15.99,4.14,30/04/2024,2024-05
2024-05,B,B. Pichincha,12.18,7.17,30/04/2024,2024-05
2024-05,B,B. Interamericano de Finanzas,14.22,4.26,30/04/2024,2024-05
2024-05,B,Scotiabank Perú,14.76,4.7700000000000005,30/04/2024,2024-05
2024-05,B,Citibank,27.18,0.0,30/04/2024,2024-05
2024-05,B,Interbank,15.19,3.54,30/04/2024,2024-05
2024-05,B,Mibanco,18.330000000000002,7.3,30/04/2024,2024-05
2024-05,B,HSBC Bank Perú,14.71,3.33,30/04/2024,2024-05
2024-05,B,B. Falabella Perú,18.81,6.44,30/04/2024,2024-05
2024-05,B,B. Santander Perú,17.82,4.12,30/04/2024,2024-05
2024-05,B,B. Ripley,15.47,6.140000000000001,30/04/2024,2024-05
2024-05,B,Alfin Banco,13.46,7.0600000000000005,30/04/2024,2024-05
2024-05,B,B. ICBC,39.79,1.78,30/04/2024,2024-05
2024-05,B,B. China Perú,55.5,0.0,30/04/2024,2024-05
2024-05,B,B. BCI Perú,43.97,4.26,30/04/2024,2024-05
2024-06,B,B. BBVA Perú,16.093006296509728,4.54,31/05/2024,2024-06
2024-06,B,BANCOM,13.709799635685552,4.88,31/05/2024,2024-06
2024-06,B,B. De Crédito del Perú (con sucursales en el exterior),16.199851878660326,4.09,31/05/2024,2024-06
2024-06,B,B. Pichincha,12.790275268192545,7.54,31/05/2024,2024-06
2024-06,B,B. Interamericano de Finanzas,14.326214386008862,4.28,31/05/2024,2024-06
2024-06,B,Scotiabank Perú,15.161531921226201,4.88,31/05/2024,2024-06
2024-06,B,Citibank,26.733895063158776,0.0,31/05/2024,2024-06
2024-06,B,Interbank,15.164190856251231,3.37,31/05/2024,2024-06
2024-06,B,Mibanco,18.503716832270662,7.43,31/05/2024,2024-06
2024-06,B,HSBC Bank Perú,14.551127684923951,3.3200000000000003,31/05/2024,2024-06
2024-06,B,B. Falabella Perú,19.176373837847965,6.390000000000001,31/05/2024,2024-06
2024-06,B,B. Santander Perú,17.51505367793882,4.7700000000000005,31/05/2024,2024-06
2024-06,B,B. Ripley,15.273196572132154,5.66,31/05/2024,2024-06
2024-06,B,Alfin Banco,14.296474813372376,4.74,31/05/2024,2024-06
2024-06,B,B. ICBC,41.89034626539499,1.72,31/05/2024,2024-06
2024-06,B,B. China Perú,54.897780508609,0.0,31/05/2024,2024-06
2024-06,B,B. BCI Perú,37.4416242340372,3.86,31/05/2024,2024-06
2024-07,B,B. BBVA Perú,15.938616393668775,4.57,30/06/2024,2024-07
2024-07,B,BANCOM,13.953964673341638,5.04,30/06/2024,2024-07
2024-07,B,B. De Crédito del Perú (con sucursales en el exterior),16.240168628735685,4.24,30/06/2024,2024-07
2024-07,B,B. Pichincha,13.438710321608763,7.18,30/06/2024,2024-07
2024-07,B,B. Interamericano de Finanzas,14.116662550473544,4.21,30/06/2024,2024-07
2024-07,B,Scotiabank Perú,14.669107143651908,4.74,30/06/2024,2024-07
2024-07,B,Citibank,21.66237165966458,0.38,30/06/2024,2024-07
2024-07,B,Interbank,14.975264039531961,3.29,30/06/2024,2024-07
2024-07,B,Mibanco,18.948379236262404,7.45,30/06/2024,2024-07
2024-07,B,HSBC Bank Perú,14.534122360964128,3.17,30/06/2024,2024-07
2024-07,B,B. Falabella Perú,19.01920087733406,6.1000000000000005,30/06/2024,2024-07
2024-07,B,B. Santander Perú,16.85532443571976,4.83,30/06/2024,2024-07
2024-07,B,B. Ripley,14.723118335558466,5.26,30/06/2024,2024-07
2024-07,B,Alfin Banco,16.09404727811831,5.24,30/06/2024,2024-07
2024-07,B,B. ICBC,38.89081258790125,1.46,30/06/2024,2024-07
2024-07,B,Bank of China,57.29370456196378,0.0,30/06/2024,2024-07
2024-07,B,B. BCI Perú,32.084975584021336,4.57,30/06/2024,2024-07
2024-08,B,B. BBVA Perú,16.06815197574966,4.29,31/07/2024,2024-08
2024-08,B,BANCOM,14.090185281432197,4.86,31/07/2024,2024-08
2024-08,B,B. De Crédito del Perú (con sucursales en el exterior),16.698806453269626,4.19,31/07/2024,2024-08
2024-08,B,B. Pichincha,13.585591422928744,6.8,31/07/2024,2024-08
2024-08,B,B. Interamericano de Finanzas,14.376174910246062,4.16,31/07/2024,2024-08
2024-08,B,Scotiabank Perú,15.651246979520153,4.24,31/07/2024,2024-08
2024-08,B,Citibank,25.637863531448733,0.0,31/07/2024,2024-08
2024-08,B,Interbank,15.43608352962296,3.14,31/07/2024,2024-08
2024-08,B,Mibanco,19.647867701815372,7.3,31/07/2024,2024-08
2024-08,B,HSBC Bank Perú,14.829160236438844,3.0700000000000003,31/07/2024,2024-08
2024-08,B,B. Falabella Perú,20.480120830600782,4.79,31/07/2024,2024-08
2024-08,B,B. Santander Perú,18.52572229123378,5.12,31/07/2024,2024-08
2024-08,B,B. Ripley,16.089367708469933,4.71,31/07/2024,2024-08
2024-08,B,Alfin Banco,16.62619222390495,3.94,31/07/2024,2024-08
2024-08,B,B. ICBC,36.78034743127373,1.35,31/07/2024,2024-08
2024-08,B,Bank of China,58.01471949767551,0.0,31/07/2024,2024-08
2024-08,B,B. BCI Perú,33.73503024454029,2.61,31/07/2024,2024-08
2024-09,B,B. BBVA Perú,16.300498105775944,4.2,31/08/2024,2024-09
2024-09,B,BANCOM,14.061446830825176,4.67,31/08/2024,2024-09
2024-09,B,B. De Crédito del Perú (con sucursales en el exterior),17.154236557892123,4.13,31/08/2024,2024-09
2024-09,B,B. Pichincha,13.25056259433532,6.96,31/08/2024,2024-09
2024-09,B,B. Interamericano de Finanzas,14.45457850409412,4.13,31/08/2024,2024-09
2024-09,B,Scotiabank Perú,15.923466264099789,4.36,31/08/2024,2024-09
2024-09,B,Citibank,32.22962973507022,0.0,31/08/2024,2024-09
2024-09,B,Interbank,15.667230766928885,3.06,31/08/2024,2024-09
2024-09,B,Mibanco,20.038432183782373,7.0600000000000005,31/08/2024,2024-09
2024-09,B,HSBC Bank Perú,14.596671585977386,3.0500000000000003,31/08/2024,2024-09
2024-09,B,B. Falabella Perú,21.312367182379255,4.3500000000000005,31/08/2024,2024-09
2024-09,B,B. Santander Perú,19.414748047857312,5.12,31/08/2024,2024-09
2024-09,B,B. Ripley,16.344562180698695,4.36,31/08/2024,2024-09
2024-09,B,Alfin Banco,16.79082445591377,4.09,31/08/2024,2024-09
2024-09,B,B. ICBC,36.94493542500574,1.43,31/08/2024,2024-09
2024-09,B,Bank of China,58.77442163814215,0.0,31/08/2024,2024-09
2024-09,B,B. BCI Perú,33.59965310216745,2.58,31/08/2024,2024-09
2024-10,B,B. BBVA Perú,15.660495425327808,4.07,30/09/2024,2024-10
2024-10,B,BANCOM,14.295024632235117,5.0,30/09/2024,2024-10
2024-10,B,B. De Crédito del Perú (con sucursales en el exterior),18.961627528161927,4.01,30/09/2024,2024-10
2024-10,B,B. Pichincha,13.13929928970185,6.94,30/09/2024,2024-10
2024-10,B,B. Interamericano de Finanzas,14.604310792970999,4.11,30/09/2024,2024-10
2024-10,B,Scotiabank Perú,16.213778435980437,4.2700000000000005,30/09/2024,2024-10
2024-10,B,Citibank,24.783102822355403,0.0,30/09/2024,2024-10
2024-10,B,Interbank,15.85044030011121,2.99,30/09/2024,2024-10
2024-10,B,Mibanco,20.221597484035886,6.97,30/09/2024,2024-10
2024-10,B,HSBC Bank Perú,14.359130360766875,2.86,30/09/2024,2024-10
2024-10,B,B. Falabella Perú,21.42879503202555,3.59,30/09/2024,2024-10
2024-10,B,B. Santander Perú,19.089995672632156,5.21,30/09/2024,2024-10
2024-10,B,B. Ripley,17.109144531926713,4.13,30/09/2024,2024-10
2024-10,B,Alfin Banco,16.58967687482399,4.2,30/09/2024,2024-10
2024-10,B,B. ICBC,38.205147401184774,1.47,30/09/2024,2024-10
2024-10,B,Bank of China,51.38943492668737,0.0,30/09/2024,2024-10
2024-10,B,B. BCI Perú,34.594636255727956,2.49,30/09/2024,2024-10
2024-11,B,B. BBVA Perú,15.688982190863317,3.93,31/10/2024,2024-11
2024-11,B,BANCOM,14.176430165186279,5.16,31/10/2024,2024-11
2024-11,B,B. De Crédito del Perú (con sucursales en el exterior),18.548747344478322,3.75,31/10/2024,2024-11
2024-11,B,B. Pichincha,13.123105328986167,6.8100000000000005,31/10/2024,2024-11
2024-11,B,B. Interamericano de Finanzas,14.30394979237091,3.96,31/10/2024,2024-11
2024-11,B,Scotiabank Perú,16.539186236870464,4.32,31/10/2024,2024-11
2024-11,B,Citibank,18.251882325575806,0.0,31/10/2024,2024-11
2024-11,B,Interbank,16.02142917904331,2.89,31/10/2024,2024-11
2024-11,B,Mibanco,18.982282059914912,6.71,31/10/2024,2024-11
2024-11,B,HSBC Bank Perú,14.516381891639416,2.99,31/10/2024,2024-11
2024-11,B,B. Falabella Perú,21.27125128267314,3.41,31/10/2024,2024-11
2024-11,B,B. Santander Perú,18.244625508426253,4.78,31/10/2024,2024-11
2024-11,B,B. Ripley,17.759997256997934,3.75,31/10/2024,2024-11
2024-11,B,Alfin Banco,16.624763430186054,4.45,31/10/2024,2024-11
2024-11,B,B. ICBC,39.437373995220234,1.23,31/10/2024,2024-11
2024-11,B,Bank of China,58.29099142478717,0.0,31/10/2024,2024-11
2024-11,B,B. BCI Perú,34.296798785654765,2.27,31/10/2024,2024-11
2024-12,B,B. BBVA Perú,15.805888163734194,3.72,30/11/2024,2024-12
2024-12,B,BANCOM,13.926726706429088,3.93,30/11/2024,2024-12
2024-12,B,B. De Crédito del Perú (con sucursales en el exterior),18.46347228317645,3.56,30/11/2024,2024-12
2024-12,B,B. Pichincha,12.98779120016365,6.75,30/11/2024,2024-12
2024-12,B,B. Interamericano de Finanzas,14.49551232046431,3.84,30/11/2024,2024-12
2024-12,B,Scotiabank Perú,17.067966766919632,4.26,30/11/2024,2024-12
2024-12,B,Citibank,25.08672098290686,0.0,30/11/2024,2024-12
2024-12,B,Interbank,16.224202183731002,2.71,30/11/2024,2024-12
2024-12,B,Mibanco,19.16679901699817,6.63,30/11/2024,2024-12
2024-12,B,HSBC Bank Perú,14.571205280278793,2.69,30/11/2024,2024-12
2024-12,B,B. Falabella Perú,21.009500376852667,3.2600000000000002,30/11/2024,2024-12
2024-12,B,B. Santander Perú,19.037199545859796,4.89,30/11/2024,2024-12
2024-12,B,B. Ripley,17.617723146434333,3.67,30/11/2024,2024-12
2024-12,B,Alfin Banco,16.75552375776069,4.37,30/11/2024,2024-12
2024-12,B,B. ICBC,40.582329766541946,0.98,30/11/2024,2024-12
2024-12,B,Bank of China,51.88045526384235,0.0,30/11/2024,2024-12
2024-12,B,B. BCI Perú,30.870568127355487,1.23,30/11/2024,2024-12
2025-01,B,B. BBVA Perú,15.94723100387869,3.75,31/12/2024,2025-01
2025-01,B,BANCOM,14.354797356944418,4.21,31/12/2024,2025-01
2025-01,B,B. De Crédito del Perú (con sucursales en el exterior),18.70665792718404,3.5,31/12/2024,2025-01
2025-01,B,B. Pichincha,12.562548524494858,6.94,31/12/2024,2025-01
2025-01,B,B. Interamericano de Finanzas,14.947826906019898,3.88,31/12/2024,2025-01
2025-01,B,Scotiabank Perú,17.140810126945755,4.13,31/12/2024,2025-01
2025-01,B,Citibank,24.606631138767124,0.0,31/12/2024,2025-01
2025-01,B,Interbank,15.922216225510521,2.79,31/12/2024,2025-01
2025-01,B,Mibanco,19.42085024056554,6.13,31/12/2024,2025-01
2025-01,B,HSBC Bank Perú,14.795360816688301,2.98,31/12/2024,2025-01
2025-01,B,B. Falabella Perú,20.98301219535806,3.45,31/12/2024,2025-01
2025-01,B,B. Santander Perú,19.420505721995017,5.03,31/12/2024,2025-01
2025-01,B,B. Ripley,17.477140600054124,3.7600000000000002,31/12/2024,2025-01
2025-01,B,Alfin Banco,15.217888875539995,4.32,31/12/2024,2025-01
2025-01,B,B. ICBC,40.770825395056534,1.47,31/12/2024,2025-01
2025-01,B,Bank of China,44.21111071192216,0.0,31/12/2024,2025-01
2025-01,B,B. BCI Perú,29.490741669779684,1.17,31/12/2024,2025-01
2025-01,B,Compartamos Banco***,20.41,6.24,31/12/2024,2025-01
2025-02,B,B. BBVA Perú,16.281347564942696,3.64,31/01/2025,2025-02
2025-02,B,BANCOM,14.446716405676987,4.49,31/01/2025,2025-02
2025-02,B,B. De Crédito del Perú (con sucursales en el exterior),19.09111564295394,3.39,31/01/2025,2025-02
2025-02,B,B. Pichincha,12.588431563929154,6.92,31/01/2025,2025-02
2025-02,B,B. Interamericano de Finanzas,15.013474415014203,3.98,31/01/2025,2025-02
2025-02,B,Scotiabank Perú,17.340269012694165,4.13,31/01/2025,2025-02
2025-02,B,Citibank,22.676798507644016,0.0,31/01/2025,2025-02
2025-02,B,Interbank,18.000438241264792,2.68,31/01/2025,2025-02
2025-02,B,Mibanco,19.705846272032243,5.8,31/01/2025,2025-02
2025-02,B,HSBC Bank Perú,14.96609273161602,2.83,31/01/2025,2025-02
2025-02,B,B. Falabella Perú,21.56464230438661,3.5300000000000002,31/01/2025,2025-02
2025-02,B,B. Santander Perú,19.35631504779795,5.19,31/01/2025,2025-02
2025-02,B,B. Ripley,17.794730795354006,3.5100000000000002,31/01/2025,2025-02
2025-02,B,Alfin Banco,14.442028815824187,3.73,31/01/2025,2025-02
2025-02,B,B. ICBC,43.4121196745389,1.3900000000000001,31/01/2025,2025-02
2025-02,B,Bank of China,45.77344301911757,0.0,31/01/2025,2025-02
2025-02,B,B. BCI Perú,28.904169805907152,1.1,31/01/2025,2025-02
2025-02,B,Compartamos Banco***,21.00475821836025,6.0600000000000005,31/01/2025,2025-02
2025-03,B,B. BBVA Perú,16.53429273181124,3.59,28/02/2025,2025-03
2025-03,B,BANCOM,14.354285497607606,4.38,28/02/2025,2025-03
2025-03,B,B. De Crédito del Perú (con sucursales en el exterior),19.21987748008622,3.5500000000000003,28/02/2025,2025-03
2025-03,B,B. Pichincha,12.828527310898366,7.19,28/02/2025,2025-03
2025-03,B,B. Interamericano de Finanzas,15.2281254230037,3.92,28/02/2025,2025-03
2025-03,B,Scotiabank Perú,18.184203956196942,4.17,28/02/2025,2025-03
2025-03,B,Citibank,26.244179734866414,0.0,28/02/2025,2025-03
2025-03,B,Interbank,17.90492474493855,2.73,28/02/2025,2025-03
2025-03,B,Mibanco,19.786819421857864,5.65,28/02/2025,2025-03
2025-03,B,HSBC Bank Perú,14.970598306424746,2.75,28/02/2025,2025-03
2025-03,B,B. Falabella Perú,22.117224211859156,3.48,28/02/2025,2025-03
2025-03,B,B. Santander Perú,20.284435805928386,5.16,28/02/2025,2025-03
2025-03,B,B. Ripley,17.99562968662904,3.47,28/02/2025,2025-03
2025-03,B,Alfin Banco,13.87934802817684,3.52,28/02/2025,2025-03
2025-03,B,B. ICBC,41.486187435067976,1.3,28/02/2025,2025-03
2025-03,B,Bank of China,45.23961605254776,0.0,28/02/2025,2025-03
2025-03,B,B. BCI Perú,28.10548965070882,1.1,28/02/2025,2025-03
2025-03,B,Compartamos Banco,21.316417649552516,5.94,28/02/2025,2025-03
2025-04,B,B. BBVA Perú,16.53429273181124,3.5100000000000002,31/03/2025,2025-04
2025-04,B,BANCOM,14.354285497607606,4.62,31/03/2025,2025-04
2025-04,B,B. De Crédito del Perú (con sucursales en el exterior),19.21987748008622,3.47,31/03/2025,2025-04
2025-04,B,B. Pichincha,12.828527310898366,6.94,31/03/2025,2025-04
2025-04,B,B. Interamericano de Finanzas,15.2281254230037,3.85,31/03/2025,2025-04
2025-04,B,Scotiabank Perú,18.184203956196942,4.15,31/03/2025,2025-04
2025-04,B,Citibank,26.244179734866414,0.0,31/03/2025,2025-04
2025-04,B,Interbank,17.90492474493855,2.68,31/03/2025,2025-04
2025-04,B,Mibanco,18.528881668672295,5.45,31/03/2025,2025-04
2025-04,B,HSBC Bank Perú,14.985032197286221,2.61,31/03/2025,2025-04
2025-04,B,B. Falabella Perú,22.448046502982976,3.49,31/03/2025,2025-04
2025-04,B,B. Santander Perú,18.94760042214772,5.16,31/03/2025,2025-04
2025-04,B,B. Ripley,17.928126872723922,3.47,31/03/2025,2025-04
2025-04,B,Alfin Banco,14.044750077699412,3.48,31/03/2025,2025-04
2025-04,B,B. ICBC,40.4798957092142,1.31,31/03/2025,2025-04
2025-04,B,Bank of China,47.65178076465409,0.0,31/03/2025,2025-04
2025-04,B,B. BCI Perú,40.912533315567714,1.04,31/03/2025,2025-04
2025-04,B,Compartamos Banco***,21.33555510381385,6.01,31/03/2025,2025-04
2025-05,B,B. BBVA Perú,15.488633821815784,3.48,30/04/2025,2025-05
2025-05,B,BANCOM,14.6060142498122,4.73,30/04/2025,2025-05
2025-05,B,B. De Crédito del Perú (con sucursales en el exterior),18.55247316546746,3.47,30/04/2025,2025-05
2025-05,B,B. Pichincha,13.592174527188758,6.890000000000001,30/04/2025,2025-05
2025-05,B,B. Interamericano de Finanzas,15.129728124383826,3.7800000000000002,30/04/2025,2025-05
2025-05,B,Scotiabank Perú,17.42211509949837,4.05,30/04/2025,2025-05
2025-05,B,Citibank,24.936427452958952,0.0,30/04/2025,2025-05
2025-05,B,Interbank,17.227776117641362,2.74,30/04/2025,2025-05
2025-05,B,Mibanco,19.2533990476973,5.3,30/04/2025,2025-05
2025-05,B,HSBC Bank Perú,14.389367833180872,2.5500000000000003,30/04/2025,2025-05
2025-05,B,B. Falabella Perú,22.81425152428231,3.63,30/04/2025,2025-05
2025-05,B,B. Santander Perú,19.877817478140667,4.04,30/04/2025,2025-05
2025-05,B,B. Ripley,17.75943346636514,3.8000000000000003,30/04/2025,2025-05
2025-05,B,Alfin Banco,13.206904677390662,3.59,30/04/2025,2025-05
2025-05,B,B. ICBC,40.56273980713684,1.2,30/04/2025,2025-05
2025-05,B,Bank of China,48.463879264715146,0.0,30/04/2025,2025-05
2025-05,B,B. BCI Perú,37.63289538035643,0.9400000000000001,30/04/2025,2025-05
2025-05,B,Compartamos Banco,21.55040320972709,6.0200000000000005,30/04/2025,2025-05
2025-06,B,B. BBVA Perú,15.579806563776428,3.38,31/05/2025,2025-06
2025-06,B,BANCOM,14.437774322829275,4.12,31/05/2025,2025-06
2025-06,B,B. De Crédito del Perú (con sucursales en el exterior),18.871917279261645,3.44,31/05/2025,2025-06
2025-06,B,B. Pichincha,13.278191906035405,6.58,31/05/2025,2025-06
2025-06,B,B. Interamericano de Finanzas,15.125526189501215,3.52,31/05/2025,2025-06
2025-06,B,Scotiabank Perú,17.58433771380655,3.99,31/05/2025,2025-06
2025-06,B,Citibank,30.40168623854904,0.0,31/05/2025,2025-06
2025-06,B,Interbank,17.081141509338178,2.61,31/05/2025,2025-06
2025-06,B,Mibanco,19.35490911815763,5.23,31/05/2025,2025-06
2025-06,B,HSBC Bank Perú,14.393343537894543,2.54,31/05/2025,2025-06
2025-06,B,B. Falabella Perú,23.054576328633203,3.39,31/05/2025,2025-06
2025-06,B,B. Santander Perú,19.334133992430274,2.7600000000000002,31/05/2025,2025-06
2025-06,B,B. Ripley,17.969811964978927,3.62,31/05/2025,2025-06
2025-06,B,Alfin Banco,13.350586082033924,3.85,31/05/2025,2025-06
2025-06,B,B. ICBC,38.882728509867945,1.1300000000000001,31/05/2025,2025-06
2025-06,B,Bank of China,48.89064169936631,0.0,31/05/2025,2025-06
2025-06,B,B. BCI Perú,36.94992397592512,0.84,31/05/2025,2025-06
2025-06,B,Compartamos Banco,21.749598723262274,5.82,31/05/2025,2025-06
2025-06,B,Santander Consumer Bank,22.83717025643579,4.4,31/05/2025,2025-06
2025-07,B,B. BBVA Perú,15.579806563776428,3.45,31/05/2025,2025-07
2025-07,B,BANCOM,14.437774322829275,4.71,31/05/2025,2025-07
2025-07,B,B. De Crédito del Perú (con sucursales en el exterior),18.871917279261645,3.45,31/05/2025,2025-07
2025-07,B,B. Pichincha,13.278191906035405,6.38,31/05/2025,2025-07
2025-07,B,B. Interamericano de Finanzas,15.125526189501215,3.54,31/05/2025,2025-07
2025-07,B,Scotiabank Perú,17.58433771380655,4.05,31/05/2025,2025-07
2025-07,B,Citibank,30.40168623854904,0.0,31/05/2025,2025-07
2025-07,B,Interbank,17.081141509338178,2.64,31/05/2025,2025-07
2025-07,B,Mibanco,19.35490911815763,5.11,31/05/2025,2025-07
2025-07,B,HSBC Bank Perú,14.393343537894543,2.48,31/05/2025,2025-07
2025-07,B,B. Falabella Perú,23.054576328633203,3.27,31/05/2025,2025-07
2025-07,B,B. Santander Perú,19.334133992430274,2.72,31/05/2025,2025-07
2025-07,B,B. Ripley,17.969811964978927,3.61,31/05/2025,2025-07
2025-07,B,Alfin Banco,13.350586082033924,3.8000000000000003,31/05/2025,2025-07
2025-07,B,B. ICBC,38.882728509867945,1.12,31/05/2025,2025-07
2025-07,B,Bank of China,48.89064169936631,0.0,31/05/2025,2025-07
2025-07,B,B. BCI Perú,36.94992397592512,0.8300000000000001,31/05/2025,2025-07
2025-07,B,Compartamos Banco,21.749598723262274,5.76,31/05/2025,2025-07
2025-07,B,Santander Consumer Bank,22.83717025643579,4.5600000000000005,31/05/2025,2025-07
2025-08,B,B. BBVA Perú,15.76098213074499,3.35,31/07/2025,2025-08
2025-08,B,BANCOM,14.558292042202705,4.91,31/07/2025,2025-08
2025-08,B,B. De Crédito del Perú (con sucursales en el exterior),17.43230800902906,3.38,31/07/2025,2025-08
2025-08,B,B. Pichincha,12.96125977713985,6.3500000000000005,31/07/2025,2025-08
2025-08,B,B. Interamericano de Finanzas,15.110685387311488,3.5,31/07/2025,2025-08
2025-08,B,Scotiabank Perú,20.055868531458955,4.11,31/07/2025,2025-08
2025-08,B,Citibank,24.664280955214114,0.0,31/07/2025,2025-08
2025-08,B,Interbank,15.48712854997257,2.57,31/07/2025,2025-08
2025-08,B,Mibanco,19.837198619340235,4.95,31/07/2025,2025-08
2025-08,B,HSBC Bank Perú,14.481137696569146,2.44,31/07/2025,2025-08
2025-08,B,B. Falabella Perú,23.774729034997147,3.23,31/07/2025,2025-08
2025-08,B,B. Santander Perú,19.034387357187533,2.65,31/07/2025,2025-08
2025-08,B,B. Ripley,18.83853647964805,3.47,31/07/2025,2025-08
2025-08,B,Alfin Banco,13.6397054057971,3.7800000000000002,31/07/2025,2025-08
2025-08,B,B. ICBC,37.48986147094583,1.1,31/07/2025,2025-08
2025-08,B,Bank of China,46.71714630771449,0.0,31/07/2025,2025-08
2025-08,B,B. BCI Perú,34.74350062094196,0.8200000000000001,31/07/2025,2025-08
2025-08,B,Compartamos Banco,22.109479557651635,5.54,31/07/2025,2025-08
2025-08,B,Santander Consumer Bank,23.170018853069294,4.44,31/07/2025,2025-08
2025-09,B,B. BBVA Perú,15.9456335112501,3.3000000000000003,31/08/2025,2025-09
2025-09,B,BANCOM,14.47688315598106,4.36,31/08/2025,2025-09
2025-09,B,B. De Crédito del Perú (con sucursales en el exterior),17.546180492040815,3.33,31/08/2025,2025-09
2025-09,B,B. Pichincha,13.206674781920057,6.54,31/08/2025,2025-09
2025-09,B,B. Interamericano de Finanzas,15.117542638154823,3.52,31/08/2025,2025-09
2025-09,B,Scotiabank Perú,20.187091508223798,4.0,31/08/2025,2025-09
2025-09,B,Citibank,32.32364432126307,0.0,31/08/2025,2025-09
2025-09,B,Interbank,15.751003054622547,2.5500000000000003,31/08/2025,2025-09
2025-09,B,Mibanco,21.035950652811756,4.76,31/08/2025,2025-09
2025-09,B,HSBC Bank Perú,14.270436533535378,2.3000000000000003,31/08/2025,2025-09
2025-09,B,B. Falabella Perú,24.117135977856684,3.06,31/08/2025,2025-09
2025-09,B,B. Santander Perú,19.088050851656334,2.99,31/08/2025,2025-09
2025-09,B,B. Ripley,18.96222123653349,3.37,31/08/2025,2025-09
2025-09,B,Alfin Banco,13.701217734478705,3.33,31/08/2025,2025-09
2025-09,B,B. ICBC,37.06916145842352,1.09,31/08/2025,2025-09
2025-09,B,Bank of China,47.05732706690098,0.0,31/08/2025,2025-09
2025-09,B,B. BCI Perú,34.515775243463295,0.8200000000000001,31/08/2025,2025-09
2025-09,B,Compartamos Banco,22.309662751949798,5.12,31/08/2025,2025-09
2025-09,B,Santander Consumer Bank,23.221112281024556,4.29,31/08/2025,2025-09
2025-10,B,B. BBVA Perú,15.9456335112501,3.25,31/08/2025,2025-10
2025-10,B,BANCOM,14.47688315598106,4.65,31/08/2025,2025-10
2025-10,B,B. De Crédito del Perú (con sucursales en el exterior),17.546180492040815,3.29,31/08/2025,2025-10
2025-10,B,B. Pichincha,13.206674781920057,6.68,31/08/2025,2025-10
2025-10,B,B. Interamericano de Finanzas,15.117542638154823,3.54,31/08/2025,2025-10
2025-10,B,Scotiabank Perú,20.187091508223798,3.99,31/08/2025,2025-10
2025-10,B,Citibank,32.32364432126307,0.0,31/08/2025,2025-10
2025-10,B,Interbank,15.751003054622547,2.59,31/08/2025,2025-10
2025-10,B,Mibanco,21.035950652811756,4.61,31/08/2025,2025-10
2025-10,B,HSBC Bank Perú,14.270436533535378,2.39,31/08/2025,2025-10
2025-10,B,B. Falabella Perú,24.117135977856684,3.02,31/08/2025,2025-10
2025-10,B,B. Santander Perú,19.088050851656334,3.13,31/08/2025,2025-10
2025-10,B,B. Ripley,18.96222123653349,3.34,31/08/2025,2025-10
2025-10,B,Alfin Banco,13.701217734478705,3.71,31/08/2025,2025-10
2025-10,B,B. ICBC,37.06916145842352,1.11,31/08/2025,2025-10
2025-10,B,Bank of China,47.05732706690098,0.0,31/08/2025,2025-10
2025-10,B,B. BCI Perú,34.515775243463295,0.75,31/08/2025,2025-10
2025-10,B,Compartamos Banco,22.309662751949798,4.89,31/08/2025,2025-10
2025-10,B,Santander Consumer Bank,23.221112281024556,4.24,31/08/2025,2025-10
2025-11,B,B. BBVA Perú,15.79123856753222,3.0700000000000003,31/10/2025,2025-11
2025-11,B,BANCOM,14.380927669157634,4.8,31/10/2025,2025-11
2025-11,B,B. De Crédito del Perú (con sucursales en el exterior),18.859140527798615,3.23,31/10/2025,2025-11
2025-11,B,B. Pichincha,13.719800467467547,5.96,31/10/2025,2025-11
2025-11,B,B. Interamericano de Finanzas,15.487356065995295,3.47,31/10/2025,2025-11
2025-11,B,Scotiabank Perú,18.244265246917017,3.94,31/10/2025,2025-11
2025-11,B,Citibank,19.92078693467832,0.0,31/10/2025,2025-11
2025-11,B,Interbank,15.94322327030957,2.41,31/10/2025,2025-11
2025-11,B,Mibanco,21.206963383896614,4.4,31/10/2025,2025-11
2025-11,B,HSBC Bank Perú,13.46862465781395,2.37,31/10/2025,2025-11
2025-11,B,B. Falabella Perú,24.704365138293777,3.06,31/10/2025,2025-11
2025-11,B,B. Santander Perú,20.02911431061466,2.89,31/10/2025,2025-11
2025-11,B,B. Ripley,19.745799356550688,3.11,31/10/2025,2025-11
2025-11,B,Alfin Banco,14.28896237971284,2.99,31/10/2025,2025-11
2025-11,B,B. ICBC,38.677376079206404,1.02,31/10/2025,2025-11
2025-11,B,Bank of China,48.35778794518381,0.0,31/10/2025,2025-11
2025-11,B,B. BCI Perú,33.876577559339204,0.6900000000000001,31/10/2025,2025-11
2025-11,B,Compartamos Banco,22.73504036890667,4.45,31/10/2025,2025-11
2025-11,B,Santander Consumer Bank,23.692544093257553,4.0,31/10/2025,2025-11
2025-12,B,B. BBVA Perú,15.814108417460318,3.23,30/11/2025,2025-12
2025-12,B,BANCOM,14.17809015832937,4.42,30/11/2025,2025-12
2025-12,B,B. De Crédito del Perú (con sucursales en el exterior),18.92305037518979,3.14,30/11/2025,2025-12
2025-12,B,B. Pichincha,13.855971068217041,6.43,30/11/2025,2025-12
2025-12,B,B. Interamericano de Finanzas,15.689135385020991,3.49,30/11/2025,2025-12
2025-12,B,Scotiabank Perú,18.43505215008098,3.94,30/11/2025,2025-12
2025-12,B,Citibank,20.488131145041873,0.0,30/11/2025,2025-12
2025-12,B,Interbank,15.987898540399009,2.45,30/11/2025,2025-12
2025-12,B,Mibanco,21.21183125977551,4.37,30/11/2025,2025-12
2025-12,B,HSBC Bank Perú,13.285429300282809,2.31,30/11/2025,2025-12
2025-12,B,B. Falabella Perú,24.35539535252503,2.9,30/11/2025,2025-12
2025-12,B,B. Santander Perú,19.11079421621401,2.33,30/11/2025,2025-12
2025-12,B,B. Ripley,19.638164499963345,3.2,30/11/2025,2025-12
2025-12,B,Alfin Banco,16.014840485017476,3.27,30/11/2025,2025-12
2025-12,B,B. ICBC,37.77421492759056,1.1300000000000001,30/11/2025,2025-12
2025-12,B,Bank of China,51.96112785849068,0.0,30/11/2025,2025-12
2025-12,B,B. BCI Perú,31.27750586618862,0.62,30/11/2025,2025-12
2025-12,B,Compartamos Banco,22.586341531704896,4.3,30/11/2025,2025-12
2025-12,B,Santander Consumer Bank,23.821408128099115,4.04,30/11/2025,2025-12
2023-01,F,Crediscotia Financiera,19.29,4.51,31/12/2022,2023-01
2023-01,F,Compartamos Financiera,18.66,5.79,31/12/2022,2023-01
2023-01,F,Financiera Confianza,17.25,6.22,31/12/2022,2023-01
2023-01,F,Financiera Efectiva,17.47,3.1,31/12/2022,2023-01
2023-01,F,Financiera Qapaq,9.35,5.88,31/12/2022,2023-01
2023-01,F,Financiera Oh!,13.98,5.91,31/12/2022,2023-01
2023-01,F,Mitsui Auto Finance,13.21,4.49,31/12/2022,2023-01
2023-01,F,Financiera Proempresa,12.02,8.09,31/12/2022,2023-01
2023-01,F,Financiera Credinka,9.7,9.09,31/12/2022,2023-01
2023-02,F,Crediscotia Financiera,28.27,4.45,31/01/2023,2023-02
2023-02,F,Compartamos Financiera,19.6,6.24,31/01/2023,2023-02
2023-02,F,Financiera Confianza,18.7,6.47,31/01/2023,2023-02
2023-02,F,Financiera Efectiva,23.55,3.15,31/01/2023,2023-02
2023-02,F,Financiera Qapaq,9.71,5.37,31/01/2023,2023-02
2023-02,F,Financiera Oh!,14.0,6.26,31/01/2023,2023-02
2023-02,F,Mitsui Auto Finance,13.07,4.62,31/01/2023,2023-02
2023-02,F,Financiera Proempresa,12.26,7.98,31/01/2023,2023-02
2023-02,F,Financiera Credinka,11.05,9.99,31/01/2023,2023-02
2023-03,F,Crediscotia Financiera,28.27,4.51,31/01/2023,2023-03
2023-03,F,Compartamos Financiera,19.6,6.32,31/01/2023,2023-03
2023-03,F,Financiera Confianza,18.7,6.48,31/01/2023,2023-03
2023-03,F,Financiera Efectiva,23.55,3.03,31/01/2023,2023-03
2023-03,F,Financiera Qapaq,9.71,4.67,31/01/2023,2023-03
2023-03,F,Financiera Oh!,14.0,6.58,31/01/2023,2023-03
2023-03,F,Mitsui Auto Finance,13.07,4.43,31/01/2023,2023-03
2023-03,F,Financiera Proempresa,12.26,8.33,31/01/2023,2023-03
2023-03,F,Financiera Credinka,11.05,9.78,31/01/2023,2023-03
2023-04,F,Crediscotia Financiera,28.85,4.66,28/02/2023,2023-04
2023-04,F,Compartamos Financiera,19.62,6.76,28/02/2023,2023-04
2023-04,F,Financiera Confianza,18.43,6.74,28/02/2023,2023-04
2023-04,F,Financiera Efectiva,25.01,3.02,28/02/2023,2023-04
2023-04,F,Financiera Qapaq,9.28,4.86,28/02/2023,2023-04
2023-04,F,Financiera Oh!,14.08,6.78,28/02/2023,2023-04
2023-04,F,Mitsui Auto Finance,12.950000000000001,4.53,28/02/2023,2023-04
2023-04,F,Financiera Proempresa,12.05,8.9,28/02/2023,2023-04
2023-04,F,Financiera Credinka,10.92,10.91,28/02/2023,2023-04
2023-05,F,Crediscotia Financiera,26.060000000000002,4.82,30/04/2023,2023-05
2023-05,F,Compartamos Financiera,19.55,7.05,30/04/2023,2023-05
2023-05,F,Financiera Confianza,17.27,6.83,30/04/2023,2023-05
2023-05,F,Financiera Efectiva,22.900000000000002,3.36,30/04/2023,2023-05
2023-05,F,Financiera Qapaq,9.68,5.9,30/04/2023,2023-05
2023-05,F,Financiera Oh!,13.19,7.73,30/04/2023,2023-05
2023-05,F,Mitsui Auto Finance,16.12,4.65,30/04/2023,2023-05
2023-05,F,Financiera Proempresa,11.620000000000001,9.45,30/04/2023,2023-05
2023-05,F,Financiera Credinka,9.88,12.97,30/04/2023,2023-05
2023-06,F,Crediscotia Financiera,26.060000000000002,4.81,30/04/2023,2023-06
2023-06,F,Compartamos Financiera,19.55,7.38,30/04/2023,2023-06
2023-06,F,Financiera Confianza,17.27,6.39,30/04/2023,2023-06
2023-06,F,Financiera Efectiva,22.900000000000002,3.51,30/04/2023,2023-06
2023-06,F,Financiera Qapaq,9.68,6.67,30/04/2023,2023-06
2023-06,F,Financiera Oh!,13.19,7.91,30/04/2023,2023-06
2023-06,F,Mitsui Auto Finance,16.12,4.69,30/04/2023,2023-06
2023-06,F,Financiera Proempresa,11.620000000000001,9.82,30/04/2023,2023-06
2023-06,F,Financiera Credinka,9.88,13.64,30/04/2023,2023-06
2023-07,F,Crediscotia Financiera,26.060000000000002,4.97,30/04/2023,2023-07
2023-07,F,Compartamos Financiera,19.55,7.33,30/04/2023,2023-07
2023-07,F,Financiera Confianza,17.27,7.07,30/04/2023,2023-07
2023-07,F,Financiera Efectiva,22.900000000000002,3.51,30/04/2023,2023-07
2023-07,F,Financiera Qapaq,9.68,8.34,30/04/2023,2023-07
2023-07,F,Financiera Oh!,13.19,7.58,30/04/2023,2023-07
2023-07,F,Mitsui Auto Finance,16.12,4.81,30/04/2023,2023-07
2023-07,F,Financiera Proempresa,11.620000000000001,9.62,30/04/2023,2023-07
2023-07,F,Financiera Credinka,9.88,14.6,30/04/2023,2023-07
2023-08,F,Crediscotia Financiera,26.3,5.18,31/07/2023,2023-08
2023-08,F,Compartamos Financiera,19.96,6.82,31/07/2023,2023-08
2023-08,F,Financiera Confianza,17.77,7.12,31/07/2023,2023-08
2023-08,F,Financiera Efectiva,23.14,3.78,31/07/2023,2023-08
2023-08,F,Financiera Oh!,14.78,7.93,31/07/2023,2023-08
2023-08,F,Mitsui Auto Finance,15.95,4.97,31/07/2023,2023-08
2023-08,F,Financiera Proempresa,10.81,9.94,31/07/2023,2023-08
2023-08,F,Financiera Credinka,7.81,12.87,31/07/2023,2023-08
2023-09,F,Crediscotia Financiera,25.445117633477793,5.31,31/08/2023,2023-09
2023-09,F,Compartamos Financiera,20.15,6.6,31/08/2023,2023-09
2023-09,F,Financiera Confianza,17.77,7.08,31/08/2023,2023-09
2023-09,F,Financiera Efectiva,23.5,3.82,31/08/2023,2023-09
2023-09,F,Financiera Qapaq,10.17,9.74,31/08/2023,2023-09
2023-09,F,Financiera Oh!,14.41,8.47,31/08/2023,2023-09
2023-09,F,Mitsui Auto Finance,16.5,4.97,31/08/2023,2023-09
2023-09,F,Financiera Proempresa,10.63,10.06,31/08/2023,2023-09
2023-09,F,Financiera Credinka,7.11,14.07,31/08/2023,2023-09
2023-10,F,Crediscotia Financiera,26.29936242501899,5.74,31/07/2023,2023-10
2023-10,F,Compartamos Financiera,19.96,6.58,31/07/2023,2023-10
2023-10,F,Financiera Confianza,17.77,7.54,31/07/2023,2023-10
2023-10,F,Financiera Efectiva,23.14,4.42,31/07/2023,2023-10
2023-10,F,Financiera Oh!,14.780000000000001,8.63,31/07/2023,2023-10
2023-10,F,Mitsui Auto Finance,15.950000000000001,5.3,31/07/2023,2023-10
2023-10,F,Financiera Proempresa,10.81,10.38,31/07/2023,2023-10
2023-10,F,Financiera Credinka,7.8100000000000005,15.78,31/07/2023,2023-10
2023-11,F,Crediscotia Financiera,25.23349279579481,5.94,31/10/2023,2023-11
2023-11,F,Compartamos Financiera,20.16,6.64,31/10/2023,2023-11
2023-11,F,Financiera Confianza,17.78,5.63,31/10/2023,2023-11
2023-11,F,Financiera Efectiva,24.19,4.43,31/10/2023,2023-11
2023-11,F,Financiera Qapaq,9.07,9.61,31/10/2023,2023-11
2023-11,F,Financiera Oh!,13.05,8.81,31/10/2023,2023-11
2023-11,F,Mitsui Auto Finance,15.85,5.44,31/10/2023,2023-11
2023-11,F,Financiera Proempresa,10.46,10.35,31/10/2023,2023-11
2023-11,F,Financiera Credinka,10.4,13.53,31/10/2023,2023-11
2023-12,F,Crediscotia Financiera,25.162912327014542,6.29,30/11/2023,2023-12
2023-12,F,Compartamos Financiera,20.22,6.8,30/11/2023,2023-12
2023-12,F,Financiera Confianza,17.79,5.32,30/11/2023,2023-12
2023-12,F,Financiera Efectiva,24.88,4.25,30/11/2023,2023-12
2023-12,F,Financiera Qapaq**,8.700000000000001,8.93,30/11/2023,2023-12
2023-12,F,Financiera Oh!,12.72,9.83,30/11/2023,2023-12
2023-12,F,Mitsui Auto Finance,15.530000000000001,5.35,30/11/2023,2023-12
2023-12,F,Financiera Proempresa,10.65,9.82,30/11/2023,2023-12
2023-12,F,Financiera Credinka,9.84,14.17,30/11/2023,2023-12
2024-01,F,Crediscotia Financiera,25.022926169289235,6.5,31/12/2023,2024-01
2024-01,F,Compartamos Financiera,20.09,7.39,31/12/2023,2024-01
2024-01,F,Financiera Confianza,17.63,6.77,31/12/2023,2024-01
2024-01,F,Financiera Efectiva,24.46,4.69,31/12/2023,2024-01
2024-01,F,Financiera Qapaq**,12.08,8.93,31/12/2023,2024-01
2024-01,F,Financiera Oh!,13.48,9.84,31/12/2023,2024-01
2024-01,F,Mitsui Auto Finance,15.83,5.68,31/12/2023,2024-01
2024-01,F,Financiera Proempresa,10.82,10.2,31/12/2023,2024-01
2024-01,F,Financiera Credinka,9.18,15.36,31/12/2023,2024-01
2024-02,F,Crediscotia Financiera,25.022926169289235,6.18,31/12/2023,2024-02
2024-02,F,Compartamos Financiera,20.09,8.08,31/12/2023,2024-02
2024-02,F,Financiera Confianza,17.63,8.04,31/12/2023,2024-02
2024-02,F,Financiera Efectiva,24.46,5.29,31/12/2023,2024-02
2024-02,F,Financiera Qapaq,12.08,9.68,31/12/2023,2024-02
2024-02,F,Financiera Oh!,13.48,10.15,31/12/2023,2024-02
2024-02,F,Mitsui Auto Finance,15.83,5.8,31/12/2023,2024-02
2024-02,F,Financiera Proempresa,10.82,10.64,31/12/2023,2024-02
2024-02,F,Financiera Credinka,9.18,16.68,31/12/2023,2024-02
2024-03,F,Crediscotia Financiera,22.81,6.13,29/02/2024,2024-03
2024-03,F,Compartamos Financiera,20.54,8.21,29/02/2024,2024-03
2024-03,F,Financiera Confianza,18.35,8.21,29/02/2024,2024-03
2024-03,F,Financiera Efectiva,25.23,4.8,29/02/2024,2024-03
2024-03,F,Financiera Qapaq,12.32,9.83,29/02/2024,2024-03
2024-03,F,Financiera Oh!,16.35,10.55,29/02/2024,2024-03
2024-03,F,Mitsui Auto Finance,15.75,6.41,29/02/2024,2024-03
2024-03,F,Financiera Proempresa,11.4,10.85,29/02/2024,2024-03
2024-03,F,Financiera Credinka,9.69,17.7,29/02/2024,2024-03
2024-04,F,Crediscotia Financiera,18.672296272424372,6.31,30/04/2024,2024-04
2024-04,F,Compartamos Financiera,20.88,8.96,30/04/2024,2024-04
2024-04,F,Financiera Confianza,18.97,9.22,30/04/2024,2024-04
2024-04,F,Financiera Efectiva,23.31,5.08,30/04/2024,2024-04
2024-04,F,Financiera Qapaq,12.32,10.74,30/04/2024,2024-04
2024-04,F,Financiera Oh!,15.59,10.31,30/04/2024,2024-04
2024-04,F,Mitsui Auto Finance,15.88,6.13,30/04/2024,2024-04
2024-04,F,Financiera Proempresa,11.01,10.7,30/04/2024,2024-04
2024-04,F,Financiera Credinka,9.36,18.35,30/04/2024,2024-04
2024-04,F,Financiera Surgir**,28.45,6.48,30/04/2024,2024-04
2024-05,F,Crediscotia Financiera,18.672296272424372,6.61,30/04/2024,2024-05
2024-05,F,Compartamos Financiera,20.88,8.56,30/04/2024,2024-05
2024-05,F,Financiera Confianza,18.97,8.78,30/04/2024,2024-05
2024-05,F,Financiera Efectiva,23.31,5.35,30/04/2024,2024-05
2024-05,F,Financiera Qapaq,12.32,10.48,30/04/2024,2024-05
2024-05,F,Financiera Oh!,15.59,11.04,30/04/2024,2024-05
2024-05,F,Mitsui Auto Finance,15.88,6.55,30/04/2024,2024-05
2024-05,F,Financiera Proempresa,11.01,10.59,30/04/2024,2024-05
2024-05,F,Financiera Credinka,9.36,18.99,30/04/2024,2024-05
2024-05,F,Financiera Surgir**,28.45,7.06,30/04/2024,2024-05
2024-06,F,Crediscotia Financiera,18.893909334095774,6.65,31/05/2024,2024-06
2024-06,F,Compartamos Financiera,21.26,8.1,31/05/2024,2024-06
2024-06,F,Financiera Confianza,19.01,8.28,31/05/2024,2024-06
2024-06,F,Financiera Efectiva,23.43,5.51,31/05/2024,2024-06
2024-06,F,Financiera Qapaq,12.55,11.07,31/05/2024,2024-06
2024-06,F,Financiera Oh!,15.35,10.91,31/05/2024,2024-06
2024-06,F,Mitsui Auto Finance,15.99,6.54,31/05/2024,2024-06
2024-06,F,Financiera Proempresa,11.31,11.11,31/05/2024,2024-06
2024-06,F,Financiera Credinka,8.5,19.91,31/05/2024,2024-06
2024-06,F,Financiera Surgir**,27.69,7.1,31/05/2024,2024-06
2024-07,F,Crediscotia Financiera,19.290621034973373,6.72,30/06/2024,2024-07
2024-07,F,Compartamos Financiera,21.47,7.67,30/06/2024,2024-07
2024-07,F,Financiera Confianza,19.05,8.58,30/06/2024,2024-07
2024-07,F,Financiera Efectiva,23.57,4.93,30/06/2024,2024-07
2024-07,F,Financiera Qapaq,12.26,10.84,30/06/2024,2024-07
2024-07,F,Financiera Oh!,15.1,10.3,30/06/2024,2024-07
2024-07,F,Mitsui Auto Finance,15.9,6.42,30/06/2024,2024-07
2024-07,F,Financiera Proempresa,11.58,11.26,30/06/2024,2024-07
2024-07,F,Financiera Credinka,7.99,20.04,30/06/2024,2024-07
2024-07,F,Financiera Surgir**,28.16,6.43,30/06/2024,2024-07
2024-08,F,Crediscotia Financiera,19.878927903058994,6.36,31/07/2024,2024-08
2024-08,F,Compartamos Financiera,21.47,7.24,31/07/2024,2024-08
2024-08,F,Financiera Confianza,18.88,9.1,31/07/2024,2024-08
2024-08,F,Financiera Efectiva,24.17,4.8,31/07/2024,2024-08
2024-08,F,Financiera Qapaq,12.3,10.99,31/07/2024,2024-08
2024-08,F,Financiera Oh!,15.35,10.21,31/07/2024,2024-08
2024-08,F,Mitsui Auto Finance,16.21,6.19,31/07/2024,2024-08
2024-08,F,Financiera Proempresa,11.81,11.61,31/07/2024,2024-08
2024-08,F,Financiera Credinka,6.88,11.78,31/07/2024,2024-08
2024-08,F,Financiera Surgir**,27.52,5.37,31/07/2024,2024-08
2024-09,F,Crediscotia Financiera,20.310444369909597,6.09,31/08/2024,2024-09
2024-09,F,Compartamos Financiera,21.2,6.57,31/08/2024,2024-09
2024-09,F,Financiera Confianza,18.72,8.41,31/08/2024,2024-09
2024-09,F,Financiera Efectiva,24.53,4.27,31/08/2024,2024-09
2024-09,F,Financiera Qapaq,12.530000000000001,10.46,31/08/2024,2024-09
2024-09,F,Financiera Oh!,15.73,9.14,31/08/2024,2024-09
2024-09,F,Mitsui Auto Finance,16.34,6.17,31/08/2024,2024-09
2024-09,F,Financiera Proempresa,11.96,11.25,31/08/2024,2024-09
2024-09,F,Financiera Surgir,25.97,4.6,31/08/2024,2024-09
2024-10,F,Crediscotia Financiera,20.69703146897571,5.76,30/09/2024,2024-10
2024-10,F,Compartamos Financiera,21.19,6.23,30/09/2024,2024-10
2024-10,F,Financiera Confianza,18.7,8.55,30/09/2024,2024-10
2024-10,F,Financiera Efectiva,24.79,4.09,30/09/2024,2024-10
2024-10,F,Financiera Qapaq,12.23,10.0,30/09/2024,2024-10
2024-10,F,Financiera Oh!,15.450000000000001,7.79,30/09/2024,2024-10
2024-10,F,Mitsui Auto Finance,16.59,5.83,30/09/2024,2024-10
2024-10,F,Financiera Proempresa,11.98,11.32,30/09/2024,2024-10
2024-10,F,Financiera Surgir,25.32,4.23,30/09/2024,2024-10
2024-11,F,Crediscotia Financiera,21.099539307194778,5.27,31/10/2024,2024-11
2024-11,F,Compartamos Financiera,20.94,6.22,31/10/2024,2024-11
2024-11,F,Financiera Confianza,18.46,7.26,31/10/2024,2024-11
2024-11,F,Financiera Efectiva,24.900000000000002,4.03,31/10/2024,2024-11
2024-11,F,Financiera Qapaq,12.08,9.08,31/10/2024,2024-11
2024-11,F,Financiera Oh!,17.84,6.1,31/10/2024,2024-11
2024-11,F,Mitsui Auto Finance,16.6,5.79,31/10/2024,2024-11
2024-11,F,Financiera Proempresa,12.16,11.16,31/10/2024,2024-11
2024-11,F,Financiera Surgir,25.18,4.12,31/10/2024,2024-11
2024-12,F,Crediscotia Financiera,21.312546271082294,5.14,30/11/2024,2024-12
2024-12,F,Compartamos Financiera,20.61,6.24,30/11/2024,2024-12
2024-12,F,Financiera Confianza,18.150000000000002,6.27,30/11/2024,2024-12
2024-12,F,Financiera Efectiva,25.25,3.78,30/11/2024,2024-12
2024-12,F,Financiera Qapaq,12.16,8.72,30/11/2024,2024-12
2024-12,F,Financiera Oh!,17.44,5.41,30/11/2024,2024-12
2024-12,F,Mitsui Auto Finance,16.69,5.97,30/11/2024,2024-12
2024-12,F,Financiera Proempresa,11.66,9.29,30/11/2024,2024-12
2024-12,F,Financiera Surgir,24.52,4.19,30/11/2024,2024-12
2025-01,F,Crediscotia Financiera,21.848921259477816,4.99,31/12/2024,2025-01
2025-01,F,Financiera Confianza,18.1,6.45,31/12/2024,2025-01
2025-01,F,Financiera Efectiva,23.86,3.65,31/12/2024,2025-01
2025-01,F,Financiera Qapaq,12.23,8.72,31/12/2024,2025-01
2025-01,F,Financiera Oh!,17.0,4.85,31/12/2024,2025-01
2025-01,F,Mitsui Auto Finance,16.52,5.85,31/12/2024,2025-01
2025-01,F,Financiera Proempresa,11.69,9.62,31/12/2024,2025-01
2025-01,F,Financiera Surgir,24.45,4.45,31/12/2024,2025-01
2025-02,F,Crediscotia Financiera,22.112988804021665,4.78,31/01/2025,2025-02
2025-02,F,Financiera Confianza,18.12,6.84,31/01/2025,2025-02
2025-02,F,Financiera Efectiva,23.740000000000002,3.75,31/01/2025,2025-02
2025-02,F,Financiera Qapaq,12.36,8.84,31/01/2025,2025-02
2025-02,F,Financiera Oh!,17.42,4.65,31/01/2025,2025-02
2025-02,F,Mitsui Auto Finance,16.94,6.1,31/01/2025,2025-02
2025-02,F,Financiera Proempresa,11.63,10.49,31/01/2025,2025-02
2025-02,F,Financiera Surgir,25.66,5.69,31/01/2025,2025-02
2025-03,F,Financiera Santander Consumer*,22.42711273606678,4.62,28/02/2025,2025-03
2025-03,F,Financiera Confianza,18.02,7.07,28/02/2025,2025-03
2025-03,F,Financiera Efectiva,24.1,3.78,28/02/2025,2025-03
2025-03,F,Financiera Qapaq,12.72,8.56,28/02/2025,2025-03
2025-03,F,Financiera Oh!,17.78,4.43,28/02/2025,2025-03
2025-03,F,Mitsui Auto Finance,17.11,6.08,28/02/2025,2025-03
2025-03,F,Financiera Proempresa,11.58,10.49,28/02/2025,2025-03
2025-03,F,Financiera Surgir,25.87,6.94,28/02/2025,2025-03
2025-04,F,Financiera Santander Consumer*,22.42711273606678,4.49,28/02/2025,2025-04
2025-04,F,Financiera Confianza,18.02,6.48,28/02/2025,2025-04
2025-04,F,Financiera Efectiva,24.1,3.85,28/02/2025,2025-04
2025-04,F,Financiera Qapaq,12.72,8.89,28/02/2025,2025-04
2025-04,F,Financiera Oh!,17.78,4.73,28/02/2025,2025-04
2025-04,F,Mitsui Auto Finance,17.11,6.07,28/02/2025,2025-04
2025-04,F,Financiera Proempresa,11.58,11.25,28/02/2025,2025-04
2025-04,F,Financiera Surgir,25.87,7.67,28/02/2025,2025-04
2025-05,F,Financiera Santander Consumer**,22.498409055330875,4.5,30/04/2025,2025-05
2025-05,F,Financiera Confianza,17.59,6.65,30/04/2025,2025-05
2025-05,F,Financiera Efectiva,21.240000000000002,3.97,30/04/2025,2025-05
2025-05,F,Financiera Qapaq,13.07,9.15,30/04/2025,2025-05
2025-05,F,Financiera Oh!,17.23,5.06,30/04/2025,2025-05
2025-05,F,Mitsui Auto Finance,17.2,5.99,30/04/2025,2025-05
2025-05,F,Financiera Proempresa,11.790000000000001,11.87,30/04/2025,2025-05
2025-05,F,Financiera Surgir,29.22,7.23,30/04/2025,2025-05
2025-06,F,Financiera Confianza,15.860000000000001,6.76,31/05/2025,2025-06
2025-06,F,Financiera Efectiva,21.47,4.11,31/05/2025,2025-06
2025-06,F,Financiera Qapaq,13.530000000000001,9.2,31/05/2025,2025-06
2025-06,F,Financiera Oh!,17.16,4.08,31/05/2025,2025-06
2025-06,F,Mitsui Auto Finance,17.26,5.85,31/05/2025,2025-06
2025-06,F,Financiera Proempresa,11.72,12.76,31/05/2025,2025-06
2025-06,F,Financiera Surgir,28.8,6.38,31/05/2025,2025-06
2025-07,F,Financiera Confianza,15.92,5.96,30/06/2025,2025-07
2025-07,F,Financiera Efectiva,21.76,3.86,30/06/2025,2025-07
2025-07,F,Financiera Qapaq,13.99,9.65,30/06/2025,2025-07
2025-07,F,Financiera Oh!,16.23,3.6,30/06/2025,2025-07
2025-07,F,Mitsui Auto Finance,17.16,5.94,30/06/2025,2025-07
2025-07,F,Financiera Proempresa,11.5,12.34,30/06/2025,2025-07
2025-07,F,Financiera Surgir,28.37,6.35,30/06/2025,2025-07
2025-08,F,Financiera Confianza,16.05,4.96,31/07/2025,2025-08
2025-08,F,Financiera Efectiva,22.06,3.94,31/07/2025,2025-08
2025-08,F,Financiera Qapaq,14.200000000000001,9.47,31/07/2025,2025-08
2025-08,F,Financiera Oh!,15.92,3.76,31/07/2025,2025-08
2025-08,F,Mitsui Auto Finance,17.2,5.71,31/07/2025,2025-08
2025-08,F,Financiera Proempresa,11.74,12.51,31/07/2025,2025-08
2025-08,F,Financiera Surgir,28.27,6.08,31/07/2025,2025-08
2025-09,F,Financiera Confianza,16.06,5.21,31/08/2025,2025-09
2025-09,F,Financiera Efectiva,22.16,3.71,31/08/2025,2025-09
2025-09,F,Financiera Qapaq,15.07,8.82,31/08/2025,2025-09
2025-09,F,Financiera Oh!,15.91,3.62,31/08/2025,2025-09
2025-09,F,Mitsui Auto Finance,17.45,5.61,31/08/2025,2025-09
2025-09,F,Financiera Proempresa,12.05,12.85,31/08/2025,2025-09
2025-09,F,Financiera Surgir,27.72,6.27,31/08/2025,2025-09
2025-10,F,Financiera Confianza,16.03,4.58,30/09/2025,2025-10
2025-10,F,Financiera Efectiva,22.830000000000002,3.48,30/09/2025,2025-10
2025-10,F,Financiera Qapaq,16.42,8.19,30/09/2025,2025-10
2025-10,F,Financiera Oh!,15.620000000000001,3.52,30/09/2025,2025-10
2025-10,F,Mitsui Auto Finance,17.77,5.51,30/09/2025,2025-10
2025-10,F,Financiera Proempresa,12.32,12.89,30/09/2025,2025-10
2025-10,F,Financiera Surgir,27.05,5.71,30/09/2025,2025-10
2025-11,F,Financiera Confianza,15.88,3.35,31/10/2025,2025-11
2025-11,F,Financiera Efectiva,23.19,3.47,31/10/2025,2025-11
2025-11,F,Financiera Qapaq,17.25,7.93,31/10/2025,2025-11
2025-11,F,Financiera Oh!,15.96,3.28,31/10/2025,2025-11
2025-11,F,Mitsui Auto Finance,18.14,5.46,31/10/2025,2025-11
2025-11,F,Financiera Proempresa,12.39,12.81,31/10/2025,2025-11
2025-11,F,Financiera Surgir,25.98,5.24,31/10/2025,2025-11
2025-12,F,Financiera Confianza,15.69,3.57,30/11/2025,2025-12
2025-12,F,Financiera Efectiva,23.48,3.27,30/11/2025,2025-12
2025-12,F,Financiera Qapaq,17.78,7.46,30/11/2025,2025-12
2025-12,F,Financiera Oh!,15.450000000000001,3.35,30/11/2025,2025-12
2025-12,F,Mitsui Auto Finance,18.32,5.34,30/11/2025,2025-12
2025-12,F,Financiera Proempresa,12.64,12.9,30/11/2025,2025-12
2025-12,F,Financiera Surgir,25.05,4.83,30/11/2025,2025-12
2023-01,C,CMAC Arequipa,15.92,4.44,mismo mes,2023-01
2023-01,C,CMAC Cusco,14.08,5.27,mismo mes,2023-01
2023-01,C,CMAC Del Santa,14.07,6.28,mismo mes,2023-01
2023-01,C,CMAC Huancayo,13.33,4.24,mismo mes,2023-01
2023-01,C,CMAC Ica,14.78,6.3,mismo mes,2023-01
2023-01,C,CMAC Maynas,16.86,5.98,mismo mes,2023-01
2023-01,C,CMAC Paita,14.63,6.58,mismo mes,2023-01
2023-01,C,CMAC Piura,15.5,6.55,mismo mes,2023-01
2023-01,C,CMAC Sullana,15.23,13.38,mismo mes,2023-01
2023-01,C,CMAC Tacna,16.61,9.1,mismo mes,2023-01
2023-01,C,CMAC Trujillo,18.4,5.22,mismo mes,2023-01
2023-01,C,CMCP Lima,11.99,8.01,mismo mes,2023-01
2023-02,C,CMAC Arequipa,15.78,4.31,mismo mes,2023-02
2023-02,C,CMAC Cusco,15.2,5.29,mismo mes,2023-02
2023-02,C,CMAC Del Santa,14.37,6.86,mismo mes,2023-02
2023-02,C,CMAC Huancayo,13.2,4.46,mismo mes,2023-02
2023-02,C,CMAC Ica,14.73,6.77,mismo mes,2023-02
2023-02,C,CMAC Maynas,16.89,6.33,mismo mes,2023-02
2023-02,C,CMAC Paita,14.52,7.61,mismo mes,2023-02
2023-02,C,CMAC Piura,15.36,6.18,mismo mes,2023-02
2023-02,C,CMAC Sullana,14.86,13.93,mismo mes,2023-02
2023-02,C,CMAC Tacna,16.43,9.05,mismo mes,2023-02
2023-02,C,CMAC Trujillo,17.77,5.22,mismo mes,2023-02
2023-02,C,CMCP Lima,11.86,8.32,mismo mes,2023-02
2023-03,C,CMAC Arequipa,15.57,4.23,mismo mes,2023-03
2023-03,C,CMAC Cusco,14.54,4.81,mismo mes,2023-03
2023-03,C,CMAC Del Santa,14.18,7.1,mismo mes,2023-03
2023-03,C,CMAC Huancayo,13.01,4.3,mismo mes,2023-03
2023-03,C,CMAC Ica,14.63,6.68,mismo mes,2023-03
2023-03,C,CMAC Maynas,16.7,5.64,mismo mes,2023-03
2023-03,C,CMAC Paita,14.58,7.8,mismo mes,2023-03
2023-03,C,CMAC Piura,15.18,6.19,mismo mes,2023-03
2023-03,C,CMAC Sullana,14.81,14.06,mismo mes,2023-03
2023-03,C,CMAC Tacna,16.41,8.19,mismo mes,2023-03
2023-03,C,CMAC Trujillo,17.65,5.18,mismo mes,2023-03
2023-03,C,CMCP Lima,12.04,7.29,mismo mes,2023-03
2023-04,C,CMAC Arequipa,15.25,4.24,mismo mes,2023-04
2023-04,C,CMAC Cusco,14.25,4.51,mismo mes,2023-04
2023-04,C,CMAC Del Santa,14.45,7.61,mismo mes,2023-04
2023-04,C,CMAC Huancayo,12.74,4.78,mismo mes,2023-04
2023-04,C,CMAC Ica,14.37,7.18,mismo mes,2023-04
2023-04,C,CMAC Maynas,16.57,6.17,mismo mes,2023-04
2023-04,C,CMAC Paita,14.32,8.2,mismo mes,2023-04
2023-04,C,CMAC Piura,15.41,6.27,mismo mes,2023-04
2023-04,C,CMAC Sullana,14.58,12.84,mismo mes,2023-04
2023-04,C,CMAC Tacna,15.73,8.47,mismo mes,2023-04
2023-04,C,CMAC Trujillo,17.09,5.08,mismo mes,2023-04
2023-04,C,CMCP Lima,11.63,7.49,mismo mes,2023-04
2023-05,C,CMAC Arequipa,15.04,4.17,mismo mes,2023-05
2023-05,C,CMAC Cusco,14.11,4.55,mismo mes,2023-05
2023-05,C,CMAC Del Santa,14.34,7.58,mismo mes,2023-05
2023-05,C,CMAC Huancayo,12.32,4.59,mismo mes,2023-05
2023-05,C,CMAC Ica,14.68,6.96,mismo mes,2023-05
2023-05,C,CMAC Maynas,16.46,6.72,mismo mes,2023-05
2023-05,C,CMAC Paita,14.13,8.51,mismo mes,2023-05
2023-05,C,CMAC Piura,15.11,6.29,mismo mes,2023-05
2023-05,C,CMAC Sullana,14.45,12.96,mismo mes,2023-05
2023-05,C,CMAC Tacna,15.55,9.44,mismo mes,2023-05
2023-05,C,CMAC Trujillo,16.94,5.13,mismo mes,2023-05
2023-05,C,CMCP Lima,11.7,6.96,mismo mes,2023-05
2023-06,C,CMAC Arequipa,14.89,4.2,mismo mes,2023-06
2023-06,C,CMAC Cusco,13.93,4.15,mismo mes,2023-06
2023-06,C,CMAC Del Santa,13.93,7.11,mismo mes,2023-06
2023-06,C,CMAC Huancayo,12.26,4.87,mismo mes,2023-06
2023-06,C,CMAC Ica,14.67,7.17,mismo mes,2023-06
2023-06,C,CMAC Maynas,16.21,5.92,mismo mes,2023-06
2023-06,C,CMAC Paita,13.92,9.01,mismo mes,2023-06
2023-06,C,CMAC Piura,15.01,6.41,mismo mes,2023-06
2023-06,C,CMAC Sullana,14.04,13.09,mismo mes,2023-06
2023-06,C,CMAC Tacna,15.6,8.89,mismo mes,2023-06
2023-06,C,CMAC Trujillo,16.76,5.31,mismo mes,2023-06
2023-06,C,CMCP Lima,11.54,6.06,mismo mes,2023-06
2023-07,C,CMAC Arequipa,14.780000000000001,4.16,mismo mes,2023-07
2023-07,C,CMAC Cusco,13.93,4.57,mismo mes,2023-07
2023-07,C,CMAC Del Santa,13.5,7.38,mismo mes,2023-07
2023-07,C,CMAC Huancayo,12.36,5.13,mismo mes,2023-07
2023-07,C,CMAC Ica,14.55,7.8,mismo mes,2023-07
2023-07,C,CMAC Maynas,15.49,6.75,mismo mes,2023-07
2023-07,C,CMAC Paita,13.94,9.48,mismo mes,2023-07
2023-07,C,CMAC Piura,15.030000000000001,6.4,mismo mes,2023-07
2023-07,C,CMAC Sullana,13.84,14.35,mismo mes,2023-07
2023-07,C,CMAC Tacna,15.65,9.54,mismo mes,2023-07
2023-07,C,CMAC Trujillo,16.61,5.63,mismo mes,2023-07
2023-07,C,CMCP Lima,11.26,6.29,mismo mes,2023-07
2023-08,C,CMAC Arequipa,14.59,4.09,mismo mes,2023-08
2023-08,C,CMAC Cusco,13.79,4.5,mismo mes,2023-08
2023-08,C,CMAC Del Santa,13.13,7.64,mismo mes,2023-08
2023-08,C,CMAC Huancayo,12.67,4.9,mismo mes,2023-08
2023-08,C,CMAC Ica,14.41,7.98,mismo mes,2023-08
2023-08,C,CMAC Maynas,15.54,6.58,mismo mes,2023-08
2023-08,C,CMAC Paita,14.15,9.55,mismo mes,2023-08
2023-08,C,CMAC Piura,14.89,6.4,mismo mes,2023-08
2023-08,C,CMAC Sullana,13.31,11.08,mismo mes,2023-08
2023-08,C,CMAC Tacna,15.32,10.02,mismo mes,2023-08
2023-08,C,CMAC Trujillo,16.41,5.57,mismo mes,2023-08
2023-08,C,CMCP Lima,10.74,6.25,mismo mes,2023-08
2023-09,C,CMAC Arequipa,14.55,4.16,mismo mes,2023-09
2023-09,C,CMAC Cusco,13.63,4.61,mismo mes,2023-09
2023-09,C,CMAC Del Santa,12.540000000000001,7.99,mismo mes,2023-09
2023-09,C,CMAC Huancayo,12.57,4.63,mismo mes,2023-09
2023-09,C,CMAC Ica,14.35,6.6,mismo mes,2023-09
2023-09,C,CMAC Maynas,15.870000000000001,7.11,mismo mes,2023-09
2023-09,C,CMAC Paita,14.39,10.0,mismo mes,2023-09
2023-09,C,CMAC Piura,14.69,6.51,mismo mes,2023-09
2023-09,C,CMAC Sullana,12.9,12.79,mismo mes,2023-09
2023-09,C,CMAC Tacna,15.3,9.68,mismo mes,2023-09
2023-09,C,CMAC Trujillo,16.21,5.8,mismo mes,2023-09
2023-09,C,CMCP Lima,10.3,6.39,mismo mes,2023-09
2023-10,C,CMAC Arequipa,14.27,4.34,mismo mes,2023-10
2023-10,C,CMAC Cusco,13.62,4.84,mismo mes,2023-10
2023-10,C,CMAC Del Santa,12.24,8.46,mismo mes,2023-10
2023-10,C,CMAC Huancayo,12.73,4.74,mismo mes,2023-10
2023-10,C,CMAC Ica,14.21,6.17,mismo mes,2023-10
2023-10,C,CMAC Maynas,15.85,7.72,mismo mes,2023-10
2023-10,C,CMAC Paita,14.31,10.72,mismo mes,2023-10
2023-10,C,CMAC Piura,14.69,6.57,mismo mes,2023-10
2023-10,C,CMAC Sullana,12.78,14.13,mismo mes,2023-10
2023-10,C,CMAC Tacna,15.23,9.92,mismo mes,2023-10
2023-10,C,CMAC Trujillo,16.21,5.88,mismo mes,2023-10
2023-10,C,CMCP Lima,10.01,6.58,mismo mes,2023-10
2023-11,C,CMAC Arequipa,14.42,4.54,mismo mes,2023-11
2023-11,C,CMAC Cusco,13.55,4.7,mismo mes,2023-11
2023-11,C,CMAC Del Santa,12.41,7.87,mismo mes,2023-11
2023-11,C,CMAC Huancayo,12.64,4.29,mismo mes,2023-11
2023-11,C,CMAC Ica,14.16,5.87,mismo mes,2023-11
2023-11,C,CMAC Maynas,15.93,7.04,mismo mes,2023-11
2023-11,C,CMAC Paita,14.36,10.71,mismo mes,2023-11
2023-11,C,CMAC Piura,14.94,6.97,mismo mes,2023-11
2023-11,C,CMAC Sullana,12.38,15.95,mismo mes,2023-11
2023-11,C,CMAC Tacna,15.290000000000001,10.08,mismo mes,2023-11
2023-11,C,CMAC Trujillo,16.31,5.47,mismo mes,2023-11
2023-11,C,CMCP Lima,13.370000000000001,5.75,mismo mes,2023-11
2023-12,C,CMAC Arequipa,14.370000000000001,4.58,mismo mes,2023-12
2023-12,C,CMAC Cusco,13.48,4.08,mismo mes,2023-12
2023-12,C,CMAC Del Santa,12.51,7.66,mismo mes,2023-12
2023-12,C,CMAC Huancayo,12.56,3.85,mismo mes,2023-12
2023-12,C,CMAC Ica,14.99,5.06,mismo mes,2023-12
2023-12,C,CMAC Maynas,14.99,6.78,mismo mes,2023-12
2023-12,C,CMAC Paita,14.84,7.23,mismo mes,2023-12
2023-12,C,CMAC Piura,14.43,7.28,mismo mes,2023-12
2023-12,C,CMAC Sullana,11.5,16.63,mismo mes,2023-12
2023-12,C,CMAC Tacna,15.120000000000001,8.95,mismo mes,2023-12
2023-12,C,CMAC Trujillo,16.55,5.61,mismo mes,2023-12
2023-12,C,CMCP Lima,12.950000000000001,4.44,mismo mes,2023-12
2024-01,C,CMAC Arequipa,14.290000000000001,4.76,mismo mes,2024-01
2024-01,C,CMAC Cusco,13.76,4.52,mismo mes,2024-01
2024-01,C,CMAC Del Santa,12.43,8.25,mismo mes,2024-01
2024-01,C,CMAC Huancayo,12.61,4.52,mismo mes,2024-01
2024-01,C,CMAC Ica,15.11,5.58,mismo mes,2024-01
2024-01,C,CMAC Maynas,15.19,7.04,mismo mes,2024-01
2024-01,C,CMAC Paita,14.9,8.02,mismo mes,2024-01
2024-01,C,CMAC Piura,14.89,7.42,mismo mes,2024-01
2024-01,C,CMAC Sullana,11.28,17.74,mismo mes,2024-01
2024-01,C,CMAC Tacna,14.81,9.59,mismo mes,2024-01
2024-01,C,CMAC Trujillo,16.63,6.16,mismo mes,2024-01
2024-01,C,CMCP Lima,13.120000000000001,4.74,mismo mes,2024-01
2024-02,C,CMAC Arequipa,13.95,4.89,mismo mes,2024-02
2024-02,C,CMAC Cusco,13.53,4.74,mismo mes,2024-02
2024-02,C,CMAC Del Santa,12.36,8.87,mismo mes,2024-02
2024-02,C,CMAC Huancayo,12.54,4.82,mismo mes,2024-02
2024-02,C,CMAC Ica,15.0,5.64,mismo mes,2024-02
2024-02,C,CMAC Maynas,15.64,7.2,mismo mes,2024-02
2024-02,C,CMAC Paita,14.9,8.32,mismo mes,2024-02
2024-02,C,CMAC Piura,14.82,7.56,mismo mes,2024-02
2024-02,C,CMAC Sullana,10.99,18.65,mismo mes,2024-02
2024-02,C,CMAC Tacna,14.59,10.07,mismo mes,2024-02
2024-02,C,CMAC Trujillo,16.99,6.66,mismo mes,2024-02
2024-02,C,CMCP Lima,12.98,4.82,mismo mes,2024-02
2024-03,C,CMAC Arequipa,14.48,5.08,mismo mes,2024-03
2024-03,C,CMAC Cusco,13.09,5.13,mismo mes,2024-03
2024-03,C,CMAC Del Santa,12.450000000000001,9.39,mismo mes,2024-03
2024-03,C,CMAC Huancayo,12.530000000000001,5.35,mismo mes,2024-03
2024-03,C,CMAC Ica,14.84,5.77,mismo mes,2024-03
2024-03,C,CMAC Maynas,15.68,8.67,mismo mes,2024-03
2024-03,C,CMAC Paita,14.8,9.13,mismo mes,2024-03
2024-03,C,CMAC Piura,13.73,7.87,mismo mes,2024-03
2024-03,C,CMAC Sullana,10.74,19.65,mismo mes,2024-03
2024-03,C,CMAC Tacna,14.34,10.29,mismo mes,2024-03
2024-03,C,CMAC Trujillo,16.830000000000002,7.29,mismo mes,2024-03
2024-03,C,CMCP Lima,13.030000000000001,5.02,mismo mes,2024-03
2024-04,C,CMAC Arequipa,14.48,5.2,mismo mes,2024-04
2024-04,C,CMAC Cusco,13.27,5.06,mismo mes,2024-04
2024-04,C,CMAC Del Santa,13.39,6.0,mismo mes,2024-04
2024-04,C,CMAC Huancayo,12.48,5.38,mismo mes,2024-04
2024-04,C,CMAC Ica,15.030000000000001,5.66,mismo mes,2024-04
2024-04,C,CMAC Maynas,15.540000000000001,8.82,mismo mes,2024-04
2024-04,C,CMAC Paita,15.06,9.26,mismo mes,2024-04
2024-04,C,CMAC Piura,13.92,7.56,mismo mes,2024-04
2024-04,C,CMAC Sullana,10.38,20.15,mismo mes,2024-04
2024-04,C,CMAC Tacna,14.67,10.56,mismo mes,2024-04
2024-04,C,CMAC Trujillo,16.990000000000002,7.84,mismo mes,2024-04
2024-04,C,CMCP Lima,12.61,5.32,mismo mes,2024-04
2024-05,C,CMAC Arequipa,14.73,5.41,mismo mes,2024-05
2024-05,C,CMAC Cusco,13.370000000000001,5.35,mismo mes,2024-05
2024-05,C,CMAC Del Santa,13.22,6.44,mismo mes,2024-05
2024-05,C,CMAC Huancayo,12.41,5.43,mismo mes,2024-05
2024-05,C,CMAC Ica,15.01,5.91,mismo mes,2024-05
2024-05,C,CMAC Maynas,15.59,8.91,mismo mes,2024-05
2024-05,C,CMAC Paita,15.27,8.5,mismo mes,2024-05
2024-05,C,CMAC Piura,13.99,7.7,mismo mes,2024-05
2024-05,C,CMAC Sullana,10.540000000000001,20.71,mismo mes,2024-05
2024-05,C,CMAC Tacna,14.82,10.72,mismo mes,2024-05
2024-05,C,CMAC Trujillo,17.2,8.24,mismo mes,2024-05
2024-05,C,CMCP Lima,12.92,5.39,mismo mes,2024-05
2024-06,C,CMAC Arequipa,14.73,5.52,mismo mes,2024-06
2024-06,C,CMAC Cusco,13.43,5.2,mismo mes,2024-06
2024-06,C,CMAC Del Santa,13.08,7.12,mismo mes,2024-06
2024-06,C,CMAC Huancayo,12.46,5.33,mismo mes,2024-06
2024-06,C,CMAC Ica,15.06,5.86,mismo mes,2024-06
2024-06,C,CMAC Maynas,15.76,8.57,mismo mes,2024-06
2024-06,C,CMAC Paita,15.58,8.83,mismo mes,2024-06
2024-06,C,CMAC Piura,13.8,7.89,mismo mes,2024-06
2024-06,C,CMAC Sullana1/,10.540000000000001,20.71,mismo mes,2024-06
2024-06,C,CMAC Tacna,14.92,10.6,mismo mes,2024-06
2024-06,C,CMAC Trujillo,17.48,8.76,mismo mes,2024-06
2024-06,C,CMCP Lima,13.0,4.91,mismo mes,2024-06
2024-07,C,CMAC Arequipa,14.68,5.64,mismo mes,2024-07
2024-07,C,CMAC Cusco,13.5,5.46,mismo mes,2024-07
2024-07,C,CMAC Del Santa,12.86,7.8500000000000005,mismo mes,2024-07
2024-07,C,CMAC Huancayo,12.57,5.38,mismo mes,2024-07
2024-07,C,CMAC Ica,15.290000000000001,6.1000000000000005,mismo mes,2024-07
2024-07,C,CMAC Maynas,15.71,8.790000000000001,mismo mes,2024-07
2024-07,C,CMAC Paita,15.99,9.52,mismo mes,2024-07
2024-07,C,CMAC Piura,13.75,8.14,mismo mes,2024-07
2024-07,C,CMAC Tacna,15.22,10.73,mismo mes,2024-07
2024-07,C,CMAC Trujillo,17.72,9.19,mismo mes,2024-07
2024-07,C,CMCP Lima,12.99,5.0,mismo mes,2024-07
2024-08,C,CMAC Arequipa,14.76,5.82,mismo mes,2024-08
2024-08,C,CMAC Cusco,13.39,5.32,mismo mes,2024-08
2024-08,C,CMAC Del Santa,12.46,8.8,mismo mes,2024-08
2024-08,C,CMAC Huancayo,12.52,5.41,mismo mes,2024-08
2024-08,C,CMAC Ica,15.290000000000001,5.98,mismo mes,2024-08
2024-08,C,CMAC Maynas,14.64,8.96,mismo mes,2024-08
2024-08,C,CMAC Paita,16.06,10.55,mismo mes,2024-08
2024-08,C,CMAC Piura,13.68,7.8100000000000005,mismo mes,2024-08
2024-08,C,CMAC Tacna,15.32,10.98,mismo mes,2024-08
2024-08,C,CMAC Trujillo,17.96,9.33,mismo mes,2024-08
2024-08,C,CMCP Lima,13.15,5.39,mismo mes,2024-08
2024-09,C,CMAC Arequipa,14.72,5.83,mismo mes,2024-09
2024-09,C,CMAC Cusco,13.38,5.07,mismo mes,2024-09
2024-09,C,CMAC Del Santa,11.98,9.06,mismo mes,2024-09
2024-09,C,CMAC Huancayo,12.51,5.29,mismo mes,2024-09
2024-09,C,CMAC Ica,15.51,5.9,mismo mes,2024-09
2024-09,C,CMAC Maynas,14.48,8.9,mismo mes,2024-09
2024-09,C,CMAC Paita,15.58,11.0,mismo mes,2024-09
2024-09,C,CMAC Piura,13.38,7.98,mismo mes,2024-09
2024-09,C,CMAC Tacna,15.780000000000001,10.65,mismo mes,2024-09
2024-09,C,CMAC Trujillo,18.12,9.38,mismo mes,2024-09
2024-09,C,CMCP Lima,13.040000000000001,4.98,mismo mes,2024-09
2024-10,C,CMAC Arequipa,14.63,5.7,mismo mes,2024-10
2024-10,C,CMAC Cusco,13.3,4.73,mismo mes,2024-10
2024-10,C,CMAC Del Santa,12.09,9.540000000000001,mismo mes,2024-10
2024-10,C,CMAC Huancayo,12.5,5.21,mismo mes,2024-10
2024-10,C,CMAC Ica,15.41,5.68,mismo mes,2024-10
2024-10,C,CMAC Maynas,14.17,9.0,mismo mes,2024-10
2024-10,C,CMAC Paita,14.99,11.38,mismo mes,2024-10
2024-10,C,CMAC Piura,13.120000000000001,8.0,mismo mes,2024-10
2024-10,C,CMAC Tacna,15.93,10.17,mismo mes,2024-10
2024-10,C,CMAC Trujillo,18.22,9.450000000000001,mismo mes,2024-10
2024-10,C,CMCP Lima,12.73,4.95,mismo mes,2024-10
2024-11,C,CMAC Arequipa,14.66,5.8100000000000005,mismo mes,2024-11
2024-11,C,CMAC Cusco,13.25,4.92,mismo mes,2024-11
2024-11,C,CMAC Del Santa,12.25,9.68,mismo mes,2024-11
2024-11,C,CMAC Huancayo,12.9,4.97,mismo mes,2024-11
2024-11,C,CMAC Ica,15.13,5.11,mismo mes,2024-11
2024-11,C,CMAC Maynas,13.64,9.18,mismo mes,2024-11
2024-11,C,CMAC Paita,14.55,11.58,mismo mes,2024-11
2024-11,C,CMAC Piura,12.83,8.3,mismo mes,2024-11
2024-11,C,CMAC Tacna,15.77,9.370000000000001,mismo mes,2024-11
2024-11,C,CMAC Trujillo,18.34,9.35,mismo mes,2024-11
2024-11,C,CMCP Lima,12.38,5.09,mismo mes,2024-11
2024-12,C,CMAC Arequipa,14.47,5.47,mismo mes,2024-12
2024-12,C,CMAC Cusco,13.200000000000001,4.76,mismo mes,2024-12
2024-12,C,CMAC Del Santa,12.59,8.33,mismo mes,2024-12
2024-12,C,CMAC Huancayo,12.91,4.63,mismo mes,2024-12
2024-12,C,CMAC Ica,15.8,4.98,mismo mes,2024-12
2024-12,C,CMAC Maynas,12.96,9.39,mismo mes,2024-12
2024-12,C,CMAC Paita,14.25,9.83,mismo mes,2024-12
2024-12,C,CMAC Piura,12.58,8.18,mismo mes,2024-12
2024-12,C,CMAC Tacna,16.05,8.82,mismo mes,2024-12
2024-12,C,CMAC Trujillo,18.36,8.82,mismo mes,2024-12
2024-12,C,CMCP Lima,12.61,4.51,mismo mes,2024-12
2025-01,C,CMAC Arequipa,14.27,5.58,mismo mes,2025-01
2025-01,C,CMAC Cusco,13.84,4.9,mismo mes,2025-01
2025-01,C,CMAC Del Santa,12.46,8.52,mismo mes,2025-01
2025-01,C,CMAC Huancayo,13.040000000000001,5.14,mismo mes,2025-01
2025-01,C,CMAC Ica,15.91,4.97,mismo mes,2025-01
2025-01,C,CMAC Maynas,13.06,9.26,mismo mes,2025-01
2025-01,C,CMAC Paita,14.16,9.58,mismo mes,2025-01
2025-01,C,CMAC Piura,12.59,8.57,mismo mes,2025-01
2025-01,C,CMAC Tacna,16.14,9.08,mismo mes,2025-01
2025-01,C,CMAC Trujillo,18.23,8.74,mismo mes,2025-01
2025-01,C,CMCP Lima,12.61,4.93,mismo mes,2025-01
2025-02,C,CMAC Arequipa,14.27,5.7,mismo mes,2025-02
2025-02,C,CMAC Cusco,13.68,4.84,mismo mes,2025-02
2025-02,C,CMAC Del Santa,12.370000000000001,8.84,mismo mes,2025-02
2025-02,C,CMAC Huancayo,13.72,5.51,mismo mes,2025-02
2025-02,C,CMAC Ica,15.85,5.3500000000000005,mismo mes,2025-02
2025-02,C,CMAC Maynas,12.59,9.41,mismo mes,2025-02
2025-02,C,CMAC Paita,13.67,9.32,mismo mes,2025-02
2025-02,C,CMAC Piura,12.51,8.81,mismo mes,2025-02
2025-02,C,CMAC Tacna,16.45,9.41,mismo mes,2025-02
2025-02,C,CMAC Trujillo,18.16,8.73,mismo mes,2025-02
2025-02,C,CMCP Lima,12.47,4.92,mismo mes,2025-02
2025-03,C,CMAC Arequipa,14.07,5.69,mismo mes,2025-03
2025-03,C,CMAC Cusco,12.86,4.82,mismo mes,2025-03
2025-03,C,CMAC Del Santa,12.370000000000001,9.33,mismo mes,2025-03
2025-03,C,CMAC Huancayo,13.41,5.4,mismo mes,2025-03
2025-03,C,CMAC Ica,15.790000000000001,5.16,mismo mes,2025-03
2025-03,C,CMAC Maynas,12.72,9.950000000000001,mismo mes,2025-03
2025-03,C,CMAC Paita,13.33,9.19,mismo mes,2025-03
2025-03,C,CMAC Piura,12.61,9.02,mismo mes,2025-03
2025-03,C,CMAC Tacna,16.51,9.27,mismo mes,2025-03
2025-03,C,CMAC Trujillo,18.0,8.69,mismo mes,2025-03
2025-03,C,CMCP Lima,12.58,4.34,mismo mes,2025-03
2025-04,C,CMAC Arequipa,14.09,5.58,mismo mes,2025-04
2025-04,C,CMAC Cusco,13.76,4.76,mismo mes,2025-04
2025-04,C,CMAC Del Santa,12.42,10.09,mismo mes,2025-04
2025-04,C,CMAC Huancayo,13.47,5.58,mismo mes,2025-04
2025-04,C,CMAC Ica,15.8,5.08,mismo mes,2025-04
2025-04,C,CMAC Maynas,12.620000000000001,9.47,mismo mes,2025-04
2025-04,C,CMAC Paita,13.18,8.88,mismo mes,2025-04
2025-04,C,CMAC Piura,12.67,7.86,mismo mes,2025-04
2025-04,C,CMAC Tacna,16.62,9.17,mismo mes,2025-04
2025-04,C,CMAC Trujillo,17.91,8.64,mismo mes,2025-04
2025-04,C,CMCP Lima,12.530000000000001,4.4,mismo mes,2025-04
2025-05,C,CMAC Arequipa,14.08,5.5600000000000005,mismo mes,2025-05
2025-05,C,CMAC Cusco,13.64,4.72,mismo mes,2025-05
2025-05,C,CMAC Del Santa,12.620000000000001,10.44,mismo mes,2025-05
2025-05,C,CMAC Huancayo,13.39,5.49,mismo mes,2025-05
2025-05,C,CMAC Ica,15.700000000000001,4.91,mismo mes,2025-05
2025-05,C,CMAC Maynas,12.74,8.57,mismo mes,2025-05
2025-05,C,CMAC Paita,13.19,8.46,mismo mes,2025-05
2025-05,C,CMAC Piura,12.57,7.98,mismo mes,2025-05
2025-05,C,CMAC Tacna,16.67,9.200000000000001,mismo mes,2025-05
2025-05,C,CMAC Trujillo,17.95,8.47,mismo mes,2025-05
2025-05,C,CMCP Lima,12.68,5.18,mismo mes,2025-05
2025-06,C,CMAC Arequipa,14.08,5.44,31/05/2025,2025-06
2025-06,C,CMAC Cusco,13.64,4.7,31/05/2025,2025-06
2025-06,C,CMAC Del Santa,12.620000000000001,11.040000000000001,31/05/2025,2025-06
2025-06,C,CMAC Huancayo,13.39,5.38,31/05/2025,2025-06
2025-06,C,CMAC Ica,15.700000000000001,4.93,31/05/2025,2025-06
2025-06,C,CMAC Maynas,12.74,8.36,31/05/2025,2025-06
2025-06,C,CMAC Paita,13.19,8.45,31/05/2025,2025-06
2025-06,C,CMAC Piura,12.57,8.2,31/05/2025,2025-06
2025-06,C,CMAC Tacna,16.67,8.78,31/05/2025,2025-06
2025-06,C,CMAC Trujillo,17.95,8.69,31/05/2025,2025-06
2025-06,C,CMCP Lima,12.68,4.65,31/05/2025,2025-06
2025-07,C,CMAC Arequipa,14.030000000000001,5.47,mismo mes,2025-07
2025-07,C,CMAC Cusco,13.57,4.66,mismo mes,2025-07
2025-07,C,CMAC Del Santa,12.94,11.88,mismo mes,2025-07
2025-07,C,CMAC Huancayo,13.65,5.44,mismo mes,2025-07
2025-07,C,CMAC Ica,15.530000000000001,4.92,mismo mes,2025-07
2025-07,C,CMAC Maynas,14.44,8.52,mismo mes,2025-07
2025-07,C,CMAC Paita,13.07,8.55,mismo mes,2025-07
2025-07,C,CMAC Piura,12.73,8.26,mismo mes,2025-07
2025-07,C,CMAC Tacna,16.88,8.83,mismo mes,2025-07
2025-07,C,CMAC Trujillo,18.11,8.73,mismo mes,2025-07
2025-07,C,CMCP Lima,12.93,4.8500000000000005,mismo mes,2025-07
2025-08,C,CMAC Arequipa,14.0,5.28,mismo mes,2025-08
2025-08,C,CMAC Cusco,13.65,4.6000000000000005,mismo mes,2025-08
2025-08,C,CMAC Del Santa,13.02,11.85,mismo mes,2025-08
2025-08,C,CMAC Huancayo,13.69,5.4,mismo mes,2025-08
2025-08,C,CMAC Ica,15.34,4.83,mismo mes,2025-08
2025-08,C,CMAC Maynas,14.540000000000001,8.65,mismo mes,2025-08
2025-08,C,CMAC Paita,13.22,8.78,mismo mes,2025-08
2025-08,C,CMAC Piura,12.92,8.48,mismo mes,2025-08
2025-08,C,CMAC Tacna,16.92,8.56,mismo mes,2025-08
2025-08,C,CMAC Trujillo,18.150000000000002,8.700000000000001,mismo mes,2025-08
2025-08,C,CMCP Lima,12.8,5.33,mismo mes,2025-08
2025-09,C,CMAC Arequipa,14.030000000000001,5.3500000000000005,mismo mes,2025-09
2025-09,C,CMAC Cusco,13.700000000000001,4.43,mismo mes,2025-09
2025-09,C,CMAC Del Santa,13.07,12.42,mismo mes,2025-09
2025-09,C,CMAC Huancayo,13.93,5.24,mismo mes,2025-09
2025-09,C,CMAC Ica,15.200000000000001,4.7700000000000005,mismo mes,2025-09
2025-09,C,CMAC Maynas,14.86,8.540000000000001,mismo mes,2025-09
2025-09,C,CMAC Paita,13.24,8.84,mismo mes,2025-09
2025-09,C,CMAC Piura,12.88,7.930000000000001,mismo mes,2025-09
2025-09,C,CMAC Tacna,17.04,8.2,mismo mes,2025-09
2025-09,C,CMAC Trujillo,18.07,8.45,mismo mes,2025-09
2025-09,C,CMCP Lima,12.77,4.71,mismo mes,2025-09
2025-10,C,CMAC Arequipa,13.9,5.33,mismo mes,2025-10
2025-10,C,CMAC Cusco,13.56,4.46,mismo mes,2025-10
2025-10,C,CMAC Del Santa,12.93,12.88,mismo mes,2025-10
2025-10,C,CMAC Huancayo,14.59,4.68,mismo mes,2025-10
2025-10,C,CMAC Ica,15.030000000000001,4.7,mismo mes,2025-10
2025-10,C,CMAC Maynas,14.85,8.68,mismo mes,2025-10
2025-10,C,CMAC Paita,13.81,8.89,mismo mes,2025-10
2025-10,C,CMAC Piura,13.040000000000001,8.05,mismo mes,2025-10
2025-10,C,CMAC Tacna,17.13,7.98,mismo mes,2025-10
2025-10,C,CMAC Trujillo,17.84,8.18,mismo mes,2025-10
2025-10,C,CMCP Lima,13.1,4.8500000000000005,mismo mes,2025-10
2025-11,C,CMAC Arequipa,13.82,5.08,mismo mes,2025-11
2025-11,C,CMAC Cusco,13.42,4.5,mismo mes,2025-11
2025-11,C,CMAC Del Santa,12.870000000000001,11.77,mismo mes,2025-11
2025-11,C,CMAC Huancayo,14.540000000000001,4.21,mismo mes,2025-11
2025-11,C,CMAC Ica,14.77,4.41,mismo mes,2025-11
2025-11,C,CMAC Maynas,14.74,8.68,mismo mes,2025-11
2025-11,C,CMAC Paita,13.8,9.05,mismo mes,2025-11
2025-11,C,CMAC Piura,13.01,8.03,mismo mes,2025-11
2025-11,C,CMAC Tacna,16.94,7.87,mismo mes,2025-11
2025-11,C,CMAC Trujillo,17.77,7.59,mismo mes,2025-11
2025-11,C,CMCP Lima,13.040000000000001,5.01,mismo mes,2025-11
2025-12,C,CMAC Arequipa,14.23,4.89,mismo mes,2025-12
2025-12,C,CMAC Cusco,14.9,4.24,mismo mes,2025-12
2025-12,C,CMAC Del Santa,12.97,12.31,mismo mes,2025-12
2025-12,C,CMAC Huancayo,14.88,3.79,mismo mes,2025-12
2025-12,C,CMAC Ica,15.780000000000001,4.2,mismo mes,2025-12
2025-12,C,CMAC Maynas,15.33,8.15,mismo mes,2025-12
2025-12,C,CMAC Paita,13.790000000000001,7.8,mismo mes,2025-12
2025-12,C,CMAC Piura,15.17,9.53,mismo mes,2025-12
2025-12,C,CMAC Tacna,17.23,7.21,mismo mes,2025-12
2025-12,C,CMAC Trujillo,17.8,6.88,mismo mes,2025-12
2025-12,C,CMCP Lima,14.0,4.67,mismo mes,2025-12
