periodo,codigo_serie,nombre_corto,valor
Ene.2023,PN07816NM,tipmn_banca,3.1671
Feb.2023,PN07816NM,tipmn_banca,3.3196
Mar.2023,PN07816NM,tipmn_banca,3.4381
Abr.2023,PN07816NM,tipmn_banca,3.5837
May.2023,PN07816NM,tipmn_banca,3.7155
Jun.2023,PN07816NM,tipmn_banca,3.7597
Jul.2023,PN07816NM,tipmn_banca,3.8658
Ago.2023,PN07816NM,tipmn_banca,3.9045
Sep.2023,PN07816NM,tipmn_banca,3.963
Oct.2023,PN07816NM,tipmn_banca,3.9019
Nov.2023,PN07816NM,tipmn_banca,3.7447
Dic.2023,PN07816NM,tipmn_banca,3.5484
Ene.2024,PN07816NM,tipmn_banca,3.4516
Feb.2024,PN07816NM,tipmn_banca,3.3383
Mar.2024,PN07816NM,tipmn_banca,3.2448
Abr.2024,PN07816NM,tipmn_banca,3.1577
May.2024,PN07816NM,tipmn_banca,3.0468
Jun.2024,PN07816NM,tipmn_banca,2.9473
Jul.2024,PN07816NM,tipmn_banca,2.7852
Ago.2024,PN07816NM,tipmn_banca,2.6448
Sep.2024,PN07816NM,tipmn_banca,2.6053
Oct.2024,PN07816NM,tipmn_banca,2.561
Nov.2024,PN07816NM,tipmn_banca,2.5237
Dic.2024,PN07816NM,tipmn_banca,2.42
Ene.2025,PN07816NM,tipmn_banca,2.3587
Feb.2025,PN07816NM,tipmn_banca,2.3507
Mar.2025,PN07816NM,tipmn_banca,2.3426
Abr.2025,PN07816NM,tipmn_banca,2.2863
May.2025,PN07816NM,tipmn_banca,2.2671
Jun.2025,PN07816NM,tipmn_banca,2.2737
Jul.2025,PN07816NM,tipmn_banca,2.1616
Ago.2025,PN07816NM,tipmn_banca,2.1348
Sep.2025,PN07816NM,tipmn_banca,2.1383
Oct.2025,PN07816NM,tipmn_banca,2.12
Nov.2025,PN07816NM,tipmn_banca,2.0993
Dic.2025,PN07816NM,tipmn_banca,1.9771
Ene.2023,PN07812NM,tasa_plazo_30d,7.2715
Feb.2023,PN07812NM,tasa_plazo_30d,7.2617
Mar.2023,PN07812NM,tasa_plazo_30d,7.1405
Abr.2023,PN07812NM,tasa_plazo_30d,7.1885
May.2023,PN07812NM,tasa_plazo_30d,7.3377
Jun.2023,PN07812NM,tasa_plazo_30d,7.4423
Jul.2023,PN07812NM,tasa_plazo_30d,7.4236
Ago.2023,PN07812NM,tasa_plazo_30d,7.3063
Sep.2023,PN07812NM,tasa_plazo_30d,7.2453
Oct.2023,PN07812NM,tasa_plazo_30d,6.9749
Nov.2023,PN07812NM,tasa_plazo_30d,6.8144
Dic.2023,PN07812NM,tasa_plazo_30d,6.6106
Ene.2024,PN07812NM,tasa_plazo_30d,6.22
Feb.2024,PN07812NM,tasa_plazo_30d,5.8555
Mar.2024,PN07812NM,tasa_plazo_30d,5.5265
Abr.2024,PN07812NM,tasa_plazo_30d,5.5036
May.2024,PN07812NM,tasa_plazo_30d,5.4
Jun.2024,PN07812NM,tasa_plazo_30d,5.1371
Jul.2024,PN07812NM,tasa_plazo_30d,4.9352
Ago.2024,PN07812NM,tasa_plazo_30d,4.7312
Sep.2024,PN07812NM,tasa_plazo_30d,4.5674
Oct.2024,PN07812NM,tasa_plazo_30d,4.4902
Nov.2024,PN07812NM,tasa_plazo_30d,4.4623
Dic.2024,PN07812NM,tasa_plazo_30d,4.3146
Ene.2025,PN07812NM,tasa_plazo_30d,4.2285
Feb.2025,PN07812NM,tasa_plazo_30d,4.1744
Mar.2025,PN07812NM,tasa_plazo_30d,4.135
Abr.2025,PN07812NM,tasa_plazo_30d,4.1404
May.2025,PN07812NM,tasa_plazo_30d,4.0576
Jun.2025,PN07812NM,tasa_plazo_30d,4.0668
Jul.2025,PN07812NM,tasa_plazo_30d,4.0721
Ago.2025,PN07812NM,tasa_plazo_30d,4.0589
Sep.2025,PN07812NM,tasa_plazo_30d,3.9985
Oct.2025,PN07812NM,tasa_plazo_30d,3.9787
Nov.2025,PN07812NM,tasa_plazo_30d,3.9692
Dic.2025,PN07812NM,tasa_plazo_30d,3.8993
Ene.2023,PN07813NM,tasa_plazo_180d,7.0331
Feb.2023,PN07813NM,tasa_plazo_180d,7.338
Mar.2023,PN07813NM,tasa_plazo_180d,7.5223
Abr.2023,PN07813NM,tasa_plazo_180d,7.5205
May.2023,PN07813NM,tasa_plazo_180d,7.6917
Jun.2023,PN07813NM,tasa_plazo_180d,7.8107
Jul.2023,PN07813NM,tasa_plazo_180d,7.8884
Ago.2023,PN07813NM,tasa_plazo_180d,7.896
Sep.2023,PN07813NM,tasa_plazo_180d,7.7885
Oct.2023,PN07813NM,tasa_plazo_180d,7.6189
Nov.2023,PN07813NM,tasa_plazo_180d,7.4069
Dic.2023,PN07813NM,tasa_plazo_180d,7.1211
Ene.2024,PN07813NM,tasa_plazo_180d,6.7572
Feb.2024,PN07813NM,tasa_plazo_180d,6.4061
Mar.2024,PN07813NM,tasa_plazo_180d,6.0409
Abr.2024,PN07813NM,tasa_plazo_180d,5.7829
May.2024,PN07813NM,tasa_plazo_180d,5.5865
Jun.2024,PN07813NM,tasa_plazo_180d,5.4008
Jul.2024,PN07813NM,tasa_plazo_180d,5.2521
Ago.2024,PN07813NM,tasa_plazo_180d,5.1278
Sep.2024,PN07813NM,tasa_plazo_180d,5.0063
Oct.2024,PN07813NM,tasa_plazo_180d,4.82
Nov.2024,PN07813NM,tasa_plazo_180d,4.7234
Dic.2024,PN07813NM,tasa_plazo_180d,4.6347
Ene.2025,PN07813NM,tasa_plazo_180d,4.5134
Feb.2025,PN07813NM,tasa_plazo_180d,4.3778
Mar.2025,PN07813NM,tasa_plazo_180d,4.2823
Abr.2025,PN07813NM,tasa_plazo_180d,4.262
May.2025,PN07813NM,tasa_plazo_180d,4.2683
Jun.2025,PN07813NM,tasa_plazo_180d,4.2483
Jul.2025,PN07813NM,tasa_plazo_180d,4.1757
Ago.2025,PN07813NM,tasa_plazo_180d,4.1853
Sep.2025,PN07813NM,tasa_plazo_180d,4.2091
Oct.2025,PN07813NM,tasa_plazo_180d,4.1982
Nov.2025,PN07813NM,tasa_plazo_180d,4.1691
Dic.2025,PN07813NM,tasa_plazo_180d,4.151
Ene.2023,PN07814NM,tasa_plazo_360d,6.9502
Feb.2023,PN07814NM,tasa_plazo_360d,7.1479
Mar.2023,PN07814NM,tasa_plazo_360d,7.3406
Abr.2023,PN07814NM,tasa_plazo_360d,7.4579
May.2023,PN07814NM,tasa_plazo_360d,7.5914
Jun.2023,PN07814NM,tasa_plazo_360d,7.6872
Jul.2023,PN07814NM,tasa_plazo_360d,7.7267
Ago.2023,PN07814NM,tasa_plazo_360d,7.7337
Sep.2023,PN07814NM,tasa_plazo_360d,7.6902
Oct.2023,PN07814NM,tasa_plazo_360d,7.6579
Nov.2023,PN07814NM,tasa_plazo_360d,7.5192
Dic.2023,PN07814NM,tasa_plazo_360d,7.3369
Ene.2024,PN07814NM,tasa_plazo_360d,7.1561
Feb.2024,PN07814NM,tasa_plazo_360d,6.9375
Mar.2024,PN07814NM,tasa_plazo_360d,6.6691
Abr.2024,PN07814NM,tasa_plazo_360d,6.4486
May.2024,PN07814NM,tasa_plazo_360d,6.2114
Jun.2024,PN07814NM,tasa_plazo_360d,5.9743
Jul.2024,PN07814NM,tasa_plazo_360d,5.7842
Ago.2024,PN07814NM,tasa_plazo_360d,5.5794
Sep.2024,PN07814NM,tasa_plazo_360d,5.3712
Oct.2024,PN07814NM,tasa_plazo_360d,5.1782
Nov.2024,PN07814NM,tasa_plazo_360d,5.0022
Dic.2024,PN07814NM,tasa_plazo_360d,4.8316
Ene.2025,PN07814NM,tasa_plazo_360d,4.7077
Feb.2025,PN07814NM,tasa_plazo_360d,4.6048
Mar.2025,PN07814NM,tasa_plazo_360d,4.6114
Abr.2025,PN07814NM,tasa_plazo_360d,4.5614
May.2025,PN07814NM,tasa_plazo_360d,4.511
Jun.2025,PN07814NM,tasa_plazo_360d,4.4593
Jul.2025,PN07814NM,tasa_plazo_360d,4.3178
Ago.2025,PN07814NM,tasa_plazo_360d,4.2431
Sep.2025,PN07814NM,tasa_plazo_360d,4.1996
Oct.2025,PN07814NM,tasa_plazo_360d,4.1794
Nov.2025,PN07814NM,tasa_plazo_360d,4.1588
Dic.2025,PN07814NM,tasa_plazo_360d,4.1391
Ene.2023,PN07815NM,tasa_plazo_mas360,6.5188
Feb.2023,PN07815NM,tasa_plazo_mas360,6.7344
Mar.2023,PN07815NM,tasa_plazo_mas360,6.9407
Abr.2023,PN07815NM,tasa_plazo_mas360,7.0912
May.2023,PN07815NM,tasa_plazo_mas360,7.2066
Jun.2023,PN07815NM,tasa_plazo_mas360,7.3
Jul.2023,PN07815NM,tasa_plazo_mas360,7.3554
Ago.2023,PN07815NM,tasa_plazo_mas360,7.3983
Sep.2023,PN07815NM,tasa_plazo_mas360,7.4181
Oct.2023,PN07815NM,tasa_plazo_mas360,7.4083
Nov.2023,PN07815NM,tasa_plazo_mas360,7.3607
Dic.2023,PN07815NM,tasa_plazo_mas360,7.3211
Ene.2024,PN07815NM,tasa_plazo_mas360,7.2249
Feb.2024,PN07815NM,tasa_plazo_mas360,7.054
Mar.2024,PN07815NM,tasa_plazo_mas360,6.8987
Abr.2024,PN07815NM,tasa_plazo_mas360,6.7687
May.2024,PN07815NM,tasa_plazo_mas360,6.6346
Jun.2024,PN07815NM,tasa_plazo_mas360,6.4877
Jul.2024,PN07815NM,tasa_plazo_mas360,6.3512
Ago.2024,PN07815NM,tasa_plazo_mas360,6.1973
Sep.2024,PN07815NM,tasa_plazo_mas360,6.0189
Oct.2024,PN07815NM,tasa_plazo_mas360,5.8967
Nov.2024,PN07815NM,tasa_plazo_mas360,5.7647
Dic.2024,PN07815NM,tasa_plazo_mas360,5.6166
Ene.2025,PN07815NM,tasa_plazo_mas360,5.5053
Feb.2025,PN07815NM,tasa_plazo_mas360,5.412
Mar.2025,PN07815NM,tasa_plazo_mas360,5.3911
Abr.2025,PN07815NM,tasa_plazo_mas360,5.3174
May.2025,PN07815NM,tasa_plazo_mas360,5.234
Jun.2025,PN07815NM,tasa_plazo_mas360,5.1395
Jul.2025,PN07815NM,tasa_plazo_mas360,5.0333
Ago.2025,PN07815NM,tasa_plazo_mas360,4.9186
Sep.2025,PN07815NM,tasa_plazo_mas360,4.8314
Oct.2025,PN07815NM,tasa_plazo_mas360,4.7752
Nov.2025,PN07815NM,tasa_plazo_mas360,4.7302
Dic.2025,PN07815NM,tasa_plazo_mas360,4.7024
Ene.2023,PD04722MM,tasa_referencia_bcrp,7.75
Feb.2023,PD04722MM,tasa_referencia_bcrp,7.75
Mar.2023,PD04722MM,tasa_referencia_bcrp,7.75
Abr.2023,PD04722MM,tasa_referencia_bcrp,7.75
May.2023,PD04722MM,tasa_referencia_bcrp,7.75
Jun.2023,PD04722MM,tasa_referencia_bcrp,7.75
Jul.2023,PD04722MM,tasa_referencia_bcrp,7.75
Ago.2023,PD04722MM,tasa_referencia_bcrp,7.75
Sep.2023,PD04722MM,tasa_referencia_bcrp,7.5
Oct.2023,PD04722MM,tasa_referencia_bcrp,7.25
Nov.2023,PD04722MM,tasa_referencia_bcrp,7
Dic.2023,PD04722MM,tasa_referencia_bcrp,6.75
Ene.2024,PD04722MM,tasa_referencia_bcrp,6.5
Feb.2024,PD04722MM,tasa_referencia_bcrp,6.25
Mar.2024,PD04722MM,tasa_referencia_bcrp,6.25
Abr.2024,PD04722MM,tasa_referencia_bcrp,6
May.2024,PD04722MM,tasa_referencia_bcrp,5.75
Jun.2024,PD04722MM,tasa_referencia_bcrp,5.75
Jul.2024,PD04722MM,tasa_referencia_bcrp,5.75
Ago.2024,PD04722MM,tasa_referencia_bcrp,5.5
Sep.2024,PD04722MM,tasa_referencia_bcrp,5.25
Oct.2024,PD04722MM,tasa_referencia_bcrp,5.25
Nov.2024,PD04722MM,tasa_referencia_bcrp,5
Dic.2024,PD04722MM,tasa_referencia_bcrp,5
Ene.2025,PD04722MM,tasa_referencia_bcrp,4.75
Feb.2025,PD04722MM,tasa_referencia_bcrp,4.75
Mar.2025,PD04722MM,tasa_referencia_bcrp,4.75
Abr.2025,PD04722MM,tasa_referencia_bcrp,4.75
May.2025,PD04722MM,tasa_referencia_bcrp,4.5
Jun.2025,PD04722MM,tasa_referencia_bcrp,4.5
Jul.2025,PD04722MM,tasa_referencia_bcrp,4.5
Ago.2025,PD04722MM,tasa_referencia_bcrp,4.5
Sep.2025,PD04722MM,tasa_referencia_bcrp,4.25
Oct.2025,PD04722MM,tasa_referencia_bcrp,4.25
Nov.2025,PD04722MM,tasa_referencia_bcrp,4.25
Dic.2025,PD04722MM,tasa_referencia_bcrp,4.25
